,time_stamp,text,HASHTAG,count_hashtag
3425,2016-10-19,Anti-#GamerGate journalist can't even last a week without abusing women.,[],0
3426,2016-10-19,"You're not relevant anymore @MENTION. Go to your corner, there's bigger fish to fry. #GamerGate @LINK",[],0
3427,2016-10-19,"@MENTION Dreaming of a world where media is ethical is a bit autistic, don't you think? #GamerGate",[],0
3428,2016-10-19,#gamergate when your opponents are participating in such debauchery rest assured you're not an evil person. At least you're not a RAPIST!!!,[],0
3429,2016-10-19,Grand Theft Auto 5 is an overrated piece of shit #gamergate,[],0
3430,2016-10-19,"As The Great Culture War rages on, we valiant few strive to keep Ethical Video Games Journalism safe from Feminisms &amp; SJWs! #GamerGate",[],0
3431,2016-10-19,@MENTION @LINK #GamerGate @LINK,[],0
3432,2016-10-19,"@LINK #GamerGate Edward Snowden on censorship: ""The foundation of a free society is our willingness to defend the rightsâ€¦",[],0
3433,2016-10-19,"ANTI-#GAMERGATE AUTHOR, SUNIL PATEL, DROPPED BY PUBLISHERS FOLLOWING ABUSE ALLEGATIONS

@LINK",[],0
3434,2016-10-19,"MATT HICKEY, ANTI-#GAMERGATE JOURNALIST CHARGED WITH RAPE [UPDATED]

@LINK",[],0
3435,2016-10-19,"#GamerGate Holy shit I think they finally achieved self awareness. Except you think the argument got derailed, we câ€¦ @LINK",[],0
3436,2016-10-19,"#GamerGate
No one can be as sad as you, fat balding goony beard man
No one @LINK",[],0
3437,2016-10-19,@LINK via /r/KiA #gamergate,[],0
3438,2016-10-19,@LINK via /r/KiA #gamergate,[],0
3439,2016-10-19,game players must be stopped #gamergate,[],0
3440,2016-10-19,"@MENTION @MENTION #StrikeWitches
@LINK
#GamerGate #AltRight","['STRIKEWITCHES', 'ALTRIGHT']",2
3441,2016-10-19,"@LINK #GamerGate This ""Gender Decoder for Job Ads"" is astonishingly sexist insisting words in job ads like leadership, câ€¦",[],0
3442,2016-10-19,"#GamerGate is on the #TrumpTrain now
@LINK",['TRUMPTRAIN'],1
3443,2016-10-19,"@MENTION I cannot wait for number 3. Any ideas on a catchy hashtag for this? You started #GamerGate, right? Lets get this thing branded",[],0
3444,2016-10-19,"@MENTION They're implying that it's not possible for that many people to support Trump.

It's #gamergate is 300 people all over again.",[],0
3445,2016-10-19,SJWism clearly caves in on itself. All the virtue signaling idiots have a diet of their own mendacity to eat #gamergate,[],0
3446,2016-10-19,Me gustÃ³ un video de @MENTION de @MENTION @LINK Â¿Que es #Gamergate?,[],0
3447,2016-10-19,@MENTION @MENTION @MENTION They want to paint the #AltRight but we live outside the box #GamerGateâ€¦ @LINK,['ALTRIGHT'],1
3448,2016-10-19,"This is your life, don't play hard to get #gamergate",[],0
3449,2016-10-19,#GamerGate is full of virgin faggots. I hope they all die and hang themselves.,[],0
3450,2016-10-19,I just had some raspberry yogurt. It was dreadful. #GamergAte,[],0
3451,2016-10-19,all games is stinky #gamergate,[],0
3452,2016-10-19,Literally what we have been saying all this time about them... #gamergate @LINK,[],0
3453,2016-10-19,"@MENTION @MENTION There's been countless occasions wherein folk in #GamerGate have claimed to be developers, journalists, or nurses",[],0
3454,2016-10-19,The #GamerGate Time machine is right. We got the message from the future. @LINK,[],0
3455,2016-10-19,"It's a free, free world #gamergate",[],0
3456,2016-10-19,Razer buys THX to go beyond games @LINK #GameChanging #GamerGate,['GAMECHANGING'],1
3457,2016-10-19,"@MENTION @LINK #GamerGate

#StrikeWitches @LINK",['STRIKEWITCHES'],1
3458,2016-10-19,.@MENTION That is #GamerGate's human enemies. Its corporate enemies need pushing over. (Although post election may be interesting.),[],0
3459,2016-10-19,"Anti-#GamerGate Author, Sunil Patel, Dropped By Publishers Following Abuse Allegations @LINK via @MENTION",[],0
3460,2016-10-19,#gamergate #notyourshield dont give in to the PC police! @LINK,['NOTYOURSHIELD'],1
3461,2016-10-19,Pandaria should be censored #gamergate,[],0
3462,2016-10-19,The fact that Crunchyroll brand Manager harasses me regularly makes me wonder if he is part of #GamerGate,[],0
3463,2016-10-19,"#GamerGate Site of the Day!

@LINK @MENTION

Whitelist and have a look around! @LINK",[],0
3464,2016-10-19,I just ate some gooseberries. It was tasty! #GamergAte,[],0
3465,2016-10-19,Specious - List of SJW 'research' papers @LINK #SJW #GamerGate,['SJW'],1
3466,2016-10-19,To be white is to be racist @LINK #SJW #GamerGate,['SJW'],1
3467,2016-10-19,all you have to do is fall in love #gamergate,[],0
3468,2016-10-19,Speaking of Mercy this is how you deal with terrorists #Gamergate #AmericaFirst #MakeAmericaGreatAgain @LINK,"['AMERICAFIRST', 'MAKEAMERICAGREATAGAIN']",2
3469,2016-10-19,"@MENTION 

If consistent with anti #GamerGate scumbag 'journalists', Pedobear approves!

#BernieOrBust #Bernie #Trump #MAGA3X #MAGA #Jill","['BERNIEORBUST', 'BERNIE', 'TRUMP', 'MAGA3X', 'MAGA', 'JILL']",6
3470,2016-10-19,Punch-Out!! makes children become communists #gamergate,[],0
3471,2016-10-19,@LINK via /r/KiA #gamergate,[],0
3472,2016-10-19,Reminder every time a big company reveals a big game SJW's will cry about how it isn't catering to them #gamergate @LINK,[],0
3473,2016-10-19,@LINK #GamerGate Wikileaks dumps everything! Can anybody verify this?,[],0
3474,2016-10-19,@MENTION Anti-#GamerGate are a glaring example of it.,[],0
3475,2016-10-19,#GamerGate confirms Ethan Ralph is the most approved and endorsed Leader of the movement. @LINK,[],0
3476,2016-10-19,@MENTION @MENTION @MENTION And someone like me who supports #GamerGate and is anti censorship has never abused anyone lol.,[],0
3477,2016-10-19,"@LINK

@LINK

#GamerGate #NotYourShield #OpSKYNET #OpLOVENET #RebuildInitiative

ASV#10","['NOTYOURSHIELD', 'OPSKYNET', 'OPLOVENET', 'REBUILDINITIATIVE', '10']",5
3478,2016-10-19,I liked a @MENTION video from @MENTION @LINK News Media VS Video Games AGAIN - #GamerGate #FullMcIntosh,['FULLMCINTOSH'],1
3479,2016-10-19,"@MENTION Didn't they try to ""rig"" #GamerGate?",[],0
3480,2016-10-19,Play the game #gamergate,[],0
3481,2016-10-19,I stand by radicalbytes: Wolfenstein constructs settler colonialism. #gamergate,[],0
3482,2016-10-19,I just had a hot dog. It was gross. #GamergAte,[],0
3483,2016-10-19,play the game of love #gamergate,[],0
3484,2016-10-19,@MENTION @MENTION you have #gamergate all wrong. dont buy the definitions that the media gives youâ€¦ @LINK,[],0
3485,2016-10-19,"Um, what? Guess I can't be the only nurse in #GamerGate...? ðŸ¤” @LINK",[],0
3486,2016-10-19,egalitarianism #gamergate,[],0
3487,2016-10-19,@MENTION @MENTION @MENTION @LINK #GamerGate its not what they sold you. Neither is the #altright,['ALTRIGHT'],1
3488,2016-10-19,"Mailing goals
@LINK
&amp;
@LINK

Other
@LINK

#GamerGate #OpSKYNET @LINK",['OPSKYNET'],1
3489,2016-10-19,"Good night.

Read these:
@LINK
@LINK
@LINK
@LINK
#GamerGate",[],0
3490,2016-10-19,"@MENTION 
And:
@LINK
@LINK
@LINK
@LINK
#GamerGate",[],0
3491,2016-10-19,"@MENTION 
More:
@LINK
@LINK
@LINK
@LINK
#GamerGate",[],0
3492,2016-10-19,"@MENTION 
Lastly:
@LINK
@LINK
@LINK
#GamerGate",[],0
3493,2016-10-19,"You can only retweet this today. 
#GamerGate #FullMacintosh @LINK",['FULLMACINTOSH'],1
3494,2016-10-19,"@MENTION Can't #GamerGate have one respectable opponent?
Just one?
Any one?
No liars, creeps or perverts, just a guy who honestly believes?",[],0
3495,2016-10-19,all games is rotten #gamergate,[],0
3496,2016-10-19,Your life #gamergate,[],0
3497,2016-10-19,@MENTION @LINK  #GamerGate the next step in our global evolution #memetics  #StrikeWitches,"['MEMETICS', 'STRIKEWITCHES']",2
3498,2016-10-19,@LINK #GamerGate [Ethics] Vernaculis thoroughly explains the low trust in media...and why the media seems oblivious as tâ€¦,[],0
3499,2016-10-19,It's so obvious that Bitcoinbros hate anyone who's fluid-bonded.  #gamergate,[],0
3500,2016-10-19,"Sorry GGers, Jonathan Mcintosh is right about Elite Dangerous. #gamergate",[],0
3501,2016-10-19,gamers can't catch a break #gamergate @LINK,[],0
3502,2016-10-19,all games is dreadful #gamergate,[],0
3503,2016-10-19,humanism #gamergate,[],0
3504,2016-10-19,But they complain about Japanese games with all-female cast of hookers. How is this different? @MENTION @MENTION @MENTION #GamerGate,[],0
3505,2016-10-19,I just ate an egg salad sandwich. It was delectable. #GamergAte,[],0
3506,2016-10-19,#AltRight #GamerGate UMARU CHAN DEPENDS ON YOU TO VOTE FOR TRUMP @LINK @LINK,['ALTRIGHT'],1
3507,2016-10-19,Don't play hard to get #gamergate,[],0
3508,2016-10-19,@LINK #GamerGate [humor] some more of #fullMcIntosh's recent tweets,['FULLMCINTOSH'],1
3509,2016-10-19,"@MENTION #NewMedia 

#AltRight #GamerGate 
@LINK @LINK","['NEWMEDIA', 'ALTRIGHT']",2
3510,2016-10-19,@MENTION @MENTION she doesn't say she said #GamerGate but strongly corrects the guy's statement about it and then denies it?!,[],0
3511,2016-10-19,"@MENTION im the leader of the #AltRight (for October)
@LINK
 #GamerGate #StrikeWitches @LINK","['ALTRIGHT', 'STRIKEWITCHES']",2
3512,2016-10-19,"@LINK #GamerGate German model fined 24,000 Euro for false rape accusation",[],0
3513,2016-10-19,"After all the revelations of the MSM and the truth about their corruption, I was a fool to think we could ever get fair coverage #GamerGate",[],0
3514,2016-10-19,Now that I know the truth I can say beyond a shadow of a doubt that we never stood a chance in getting fair reporting #GamerGate,[],0
3515,2016-10-19,If historical accuracy isn't important then why no hot viking babes? @LINK #gamergate #feministFrequency #forhonor,"['FEMINISTFREQUENCY', 'FORHONOR']",2
3516,2016-10-19,@LINK #GamerGate The Verge: Twitterâ€™s reputation for abuse is turning off potential suitors,[],0
3517,2016-10-19,@LINK #GamerGate [Censorship] Time lapse of the 8000+ upvoted post from /r/The_Donald that suddenly disappeared from theâ€¦,[],0
3518,2016-10-19,I made a post on ubisoft forum: @LINK - Islamic oppression of women in gaming. #gamergate #feministFrequency,['FEMINISTFREQUENCY'],1
3519,2016-10-19,"This game needs more love! @LINK
@MENTION #GamerGate",[],0
3520,2016-10-19,Why isn't there a game like GTA that doesn't perpetuate heteronormativity? #gamergate,[],0
3521,2016-10-19,.@MENTION @MENTION Our game is not over yet. A match is won by bankrupting media company. A set scored by counting adverts. #GamerGate,[],0
3522,2016-10-19,All you have to do is fall in love #gamergate,[],0
3523,2016-10-19,@LINK #GamerGate Mod of /u/undelete creates bot to show you what reddit's front page looks like without moderator censorâ€¦,[],0
3524,2016-10-19,@LINK #GamerGate Rockstar Confirms Red Dead Redemption 2 in Development | The Mary Sue,[],0
3525,2016-10-19,I just ate some blueberry yogurt. It was dreadful. #GamergAte,[],0
3526,2016-10-19,"@LINK #GamerGate Red Dead Redemption 2 Officially Announced, But Where Are the Women Outlaws?",[],0
3527,2016-10-19,@LINK #GamerGate Let's play Sexism In Games Strawm... I mean Bingo (Cross-post /r/TumblrInAction),[],0
3528,2016-10-19,Asteroids makes children become communists #gamergate,[],0
3529,2016-10-19,"@MENTION @MENTION @MENTION @LINK

#AltRight #GamerGate @LINK",['ALTRIGHT'],1
3530,2016-10-19,"Play the game, play the game of love #gamergate",[],0
3531,2016-10-19,@LINK #GamerGate #OPHotPockets is on. Call to get Brits to supply free wifi area around Ecuadorian embassy in London.,['OPHOTPOCKETS'],1
3532,2016-10-19,"#OPHotPocket is active. #OPSKYNET, #GamerGate and #NotYourShield; get to London and make a wifi spot for @MENTION @LINK","['OPHOTPOCKET', 'OPSKYNET', 'NOTYOURSHIELD']",3
3533,2016-10-19,"@MENTION @MENTION #EMMY here people 

#AltRight #GamerGate @LINK","['EMMY', 'ALTRIGHT']",2
3534,2016-10-19,#GamerGate @MENTION @MENTION @MENTION @LINK,[],0
3535,2016-10-19,@MENTION They're at home making  dinner. #Gamergate #MGTOW,['MGTOW'],1
3536,2016-10-19,"#RejectedMovieMonsters 

#AltRight #GamerGate UmaruChan

@LINK @LINK","['REJECTEDMOVIEMONSTERS', 'ALTRIGHT']",2
3537,2016-10-19,"@MENTION @MENTION Ethan I love how you use phallic magic #AltRIght #GamerGate
@LINK @LINK",['ALTRIGHT'],1
3538,2016-10-19,"Remark: Of all of the places on Reddit to talk about Wikileaks, a person went to KiA, a #GamerGate area.
@LINK",[],0
3539,2016-10-19,"Full timeline in link.

Edit: The link @LINK

via /r/KiA #gamergate",[],0
3540,2016-10-19,"To be frank, #GamerGate majorly likes Wikileaks (imho, like a senpai), but to see a person use KiA for Wikileaks is rather...interesting.",[],0
3541,2016-10-19,I just had a boiled egg. It was something. #GamergAte,[],0
3542,2016-10-19,"That was quickly cottoned onto by #GamerGate as well lol
@MENTION @MENTION",[],0
3543,2016-10-19,"Alright Gyro, I'm talking about this out #GamerGate they're still making Hitler's Best @LINK",[],0
3544,2016-10-19,"@MENTION can you roll for me DM ? #GamerGate 
@LINK",[],0
3545,2016-10-19,tfw you see the #GamerGate hashtag and have stuff to do but I still have to go to bed at midnight .-.,[],0
3546,2016-10-19,"@MENTION Fun Fact:  If #GamerGate dies, I'll still have a great job, and have a great life.  As for #fullmcintosh ...  not so much.",['FULLMCINTOSH'],1
3547,2016-10-19,"@MENTION yap... i find it hillarious how they made #gamergate into their boogeyman. but hey its Leigh alexander, shes paid to lie",[],0
3548,2016-10-19,#GamerGate Daily is out! @LINK Top stories by @MENTION @MENTION @MENTION #gamergate #altright,['ALTRIGHT'],1
3549,2016-10-19,Open up your mind and let me step inside #gamergate,[],0
3550,2016-10-19,@LINK #GamerGate Reputable media list,[],0
3551,2016-10-19,"@MENTION 
* male feminist ally âœ…
* anti-#GamerGate âœ…
* goony beardman âœ… @LINK",[],0
3552,2016-10-19,"@MENTION @LINK #GamerGate is sorry :(

you were written",[],0
3553,2016-10-19,"I'd have thought a simple ""Don't feed them"" would have been sage advice but it seems #GamerGate was just target praâ€¦ @LINK",[],0
3554,2016-10-19,Shop Heroes is an ISIS recruitment tool #gamergate,[],0
3555,2016-10-19,#INeedFeminism because I read feminist articles about #Gamergate @LINK,['INEEDFEMINISM'],1
3556,2016-10-19,Medieval II: Total War encourages deviant behavior #gamergate,[],0
3557,2016-10-19,I just had a taco. It was wonderful! #GamergAte,[],0
3558,2016-10-19,Rest your weary head and let your heart decide #gamergate,[],0
3559,2016-10-19,@LINK #GamerGate [gaming] Live-action otome?,[],0
3560,2016-10-19,"If #GamerGate existed back in 2012 we'd be complaining about awful animemes, my TL appears to always be a mistake.",[],0
3561,2016-10-19,River Raid should be censored #gamergate,[],0
3562,2016-10-19,"@MENTION @LINK #MemeMagic #GamerGate

#AltRight

#StrikeWitches","['MEMEMAGIC', 'ALTRIGHT', 'STRIKEWITCHES']",3
3563,2016-10-19,"@MENTION Nothing is happening TO #GamerGate. Circumstances are just revealing that like any large group, it contains many hypocrites.",[],0
3564,2016-10-19,Middle-earth: Shadow of Mordor encourages violence #gamergate,[],0
3565,2016-10-19,Why is everyone always talking about orc on orc violence? Nobody mentions elf on orc violence!  @MENTION #gamergate #orclivesmatters,['ORCLIVESMATTERS'],1
3566,2016-10-19,Good morning #gamergate what's the happenings today?,[],0
3567,2016-10-19,@LINK #GamerGate [Drama] InXile's Brian Fargo HeatStreet interview causes some butthurt,[],0
3568,2016-10-19,@LINK via /r/KiA #gamergate,[],0
3569,2016-10-19,@LINK via /r/KiA #gamergate,[],0
3570,2016-10-19,No surprise this is one of those douche canoes who was vehemently anti-#gamergate.,[],0
3571,2016-10-19,It's so easy when you know the rules #gamergate,[],0
3572,2016-10-19,Edition encourages violence #gamergate,[],0
3573,2016-10-19,"@MENTION @MENTION 

Playing by the rules in a rigged game is a fools errand
Trump's campaign is where #Gamergate was before MUH PR",[],0
3574,2016-10-19,@LINK #GamerGate Mark Zuckerburg comments on Peter Thiel controversy regarding Trump donation - 'We can't create a cultuâ€¦,[],0
3575,2016-10-19,"Reminder that Sargon was a major part in destroying #GamerGate using this same ""it'll make you look bad!"" logic. @LINK",[],0
3576,2016-10-19,#GamerGate @LINK,[],0
3577,2016-10-19,"@MENTION that was highly unethical

#gamergate
#ethics
#hashtag","['ETHICS', 'HASHTAG']",2
3578,2016-10-19,"It's so easy, all you have to do is fall in love #gamergate",[],0
3579,2016-10-19,"@LINK #GamerGate One year on, BBC finally forced to acknowledge suicide of victim of false rape allegations",[],0
3580,2016-10-19,I just had a donut. It was meh. #GamergAte,[],0
3581,2016-10-19,"@MENTION @MENTION it was 2 years ago, and #Gamergate is still growing",[],0
3582,2016-10-19,@LINK #GamerGate Eric Geller of Politico provides evidence Ecuador was pressured by US to cut off Assange's internet.,[],0
3583,2016-10-19,"@MENTION @MENTION Two years and counting, with no end in sight. #GamerGate",[],0
3584,2016-10-19,looking for guests for frydays show 10 pm to 12 am BST on @LINK #GamerGate #NotYourShield dm me @LINK,['NOTYOURSHIELD'],1
3585,2016-10-19,looking for guests for frydays show 10 pm to 12 am BST on @LINK #GamerGate #NotYourShield dm me @LINK,['NOTYOURSHIELD'],1
3586,2016-10-19,Tekken 3 is bad for children #gamergate,[],0
3587,2016-10-19,"#GamerGate Tweeted Times @LINK - top stories by @MENTION, @MENTION, @MENTION",[],0
3588,2016-10-19,@LINK #GamerGate Evidence to suggest Ecuador cut Assange's internet to halt interference in US election.,[],0
3589,2016-10-19,Glad I never followed some #GamerGate-rs aboard the 'accuse your enemies of being pedophiles' bandwagon. This is thâ€¦ @LINK,[],0
3590,2016-10-19,"After so long - I finally got around to reading Milo's #gamergate book.... it's just 369 pages repeating ""Muslims!"" ... #shitebart",['SHITEBART'],1
3591,2016-10-19,#GamerGate @MENTION @MENTION @MENTION It's been live for ages.,[],0
3592,2016-10-19,Correction. Those are #GamerGate supporters. @LINK,[],0
3593,2016-10-19,Correction. That's #GamerGate supporters. @LINK,[],0
3594,2016-10-19,.@MENTION You could retweet something like this every single day. Some guy at TechCrunch wrote about 4 '#GamerGate is Dead' pieces alone.,[],0
3595,2016-10-19,@MENTION @LINK #gamerGate,[],0
3596,2016-10-19,"If you joined #GamerGate to oppose journos' smeary witch hunts, but push witch hunts against your own enemies, I DON'T respect you. I can't.",[],0
3597,2016-10-19,Does that mean #gamergate ethics in journalism is useless? I thought we want to boycott journos and stuff.. Go backâ€¦ @LINK,[],0
3598,2016-10-19,"#GamerGate @MENTION Maybe it was discussed when it launched, I dunno. As to whether it's worth it, I guess that's up to you.",[],0
3599,2016-10-19,It's been 2 years since #GamerGate was declared dead by the transformative media guru. @LINK,[],0
3600,2016-10-19,I just ate a chicken salad sandwich. It was pretty good. #GamergAte,[],0
3601,2016-10-19,"ONLY RT THIS TODAY! #GamerGate
@LINK",[],0
3602,2016-10-19,@LINK #GamerGate An interesting chain of events and people surrounding Wikileaks and truth in media.,[],0
3603,2016-10-19,@MENTION @MENTION @MENTION I've seen more PoC in #GamerGate than in SJWland. The only thing diverse about them is weight class.,[],0
3604,2016-10-19,game players are satan's buttholes #gamergate,[],0
3605,2016-10-19,"@LINK 

1500 votes, everyone. Let's see if we can hit 2K.

#gamergate #torrentialdownpour",['TORRENTIALDOWNPOUR'],1
3606,2016-10-19,Everybody play the game of love (yeah) #gamergate,[],0
3607,2016-10-19,"Let's see those middle fingers! #GamerGate
YouTubers Paid to Support Hillary Clinton? @LINK via @MENTION",[],0
3608,2016-10-19,"Remember when #GamerGate suddenly became synonymous with Trump and the Alt right?
@MENTION @MENTION @MENTION",[],0
3609,2016-10-19,LMAO Hillary's millionaire campaign is hitting an audience about as big as #GamerGate did without spending a singleâ€¦ @LINK,[],0
3610,2016-10-19,"An upcoming show on Sci ch
""your brain on video games""
from commercials I've seen
seem to want to contradict studies we've seen
#Gamergate",[],0
3611,2016-10-19,#GamerGate confirms Ethan Ralph is the most approved and endorsed Leader of the movement. @LINK,[],0
3612,2016-10-19,GOD DAMNIT #GAMERGATE THERE'S SO MANY OF YOU I CAN'T KEEP UP ;_: Apologies if I were to tell you his thoughts on,[],0
3613,2016-10-19,@MENTION @MENTION Seems very... #gamergate for Anita. Also how did I know she would wear that hat. Please kill me if i see another,[],0
3614,2016-10-19,"@MENTION Perhaps. But that does not mean one should not try, or at least point it out so others may know and understand.
#gamergate",[],0
3615,2016-10-19,When you're feeling down #gamergate,[],0
3616,2016-10-19,Leader of #GamerGate makes it to the press and Google. We all support his efforts to lead the movement. @LINK,[],0
3617,2016-10-19,"@MENTION dana . have you ever heard of #GamerGate ?

@LINK",[],0
3618,2016-10-19,@LINK via /r/KiA #gamergate,[],0
3619,2016-10-19,"@LINK
UAE Internet Censorship? @MENTION @MENTION @MENTION #GamerGate",[],0
3620,2016-10-19,"@MENTION @MENTION #GamerGate has infiltrated the #AltRight zionists

@LINK",['ALTRIGHT'],1
3621,2016-10-19,I just devoured some cranberries. It was revolting. #GamergAte,[],0
3622,2016-10-19,"@LINK #GamerGate [Gaming] Tyrone Glenn - ""Valve Refuses The Washington Gambling Commission""",[],0
3623,2016-10-19,@LINK #GamerGate [Drama] Journalist Benji Backer targeted by false-flag campaign to paint him as a racist and anti-semitâ€¦,[],0
3624,2016-10-19,@MENTION Ben Shapiro supporter unveiled by #GamerGate as northwestern #AltRight leader @LINK,['ALTRIGHT'],1
3625,2016-10-19,@MENTION  #GamerGate,[],0
3626,2016-10-19,#GamerGate @LINK,[],0
3627,2016-10-19,#GamerGate @LINK,[],0
3628,2016-10-19,and your resistance is low #gamergate,[],0
3629,2016-10-19,"Gamers are a menace to society. Tru story!
#GamerGate @LINK",[],0
3630,2016-10-19,"Logic is a social construct!
#GamerGate @LINK",[],0
3631,2016-10-19,"Hate speech is VIOLENCE y0!
#GamerGate @LINK",[],0
3632,2016-10-19,"Herp Derp Burp ?????? PROFIT
#GamerGate @LINK",[],0
3633,2016-10-19,"You really think there are no fucking consequences to anything, you entitled piece of shit!
#GamerGate @LINK",[],0
3634,2016-10-19,"[CURRENT YEAR intensifies]
#GamerGate @LINK",[],0
3635,2016-10-19,"We are paragons of moral rectitude, HOW VERY DARE YOU suggest otherwise!
#GamerGate @LINK",[],0
3636,2016-10-19,"There are no bad tactics, only bad targets!
#GamerGate @LINK",[],0
3637,2016-10-19,"I'm on the right side of history, your arguments are invalid! ALL OF THEM
#GamerGate @LINK",[],0
3638,2016-10-19,"Jet fuel can't melt structures of privilege!
#GamerGate @LINK",[],0
3639,2016-10-19,all games deserve punishment #gamergate,[],0
3640,2016-10-19,"War is peace! Freedom is slavery! Ignorance is strength!
#GamerGate @LINK",[],0
3641,2016-10-19,ARE YOU BURKHA-BODY READY? #GamerGate @LINK,[],0
3642,2016-10-19,@MENTION gf dbdfbdf bgamerfasdfdf #gamergate,[],0
3643,2016-10-19,@LINK #GamerGate [Ethics] Le Monde - Why Wikileaks supports Trump?,[],0
3644,2016-10-19,@LINK #GamerGate [Censorship] Nearly naked Hillary Clinton statue sparks fury downtown [and is destroyed by Clinton suppâ€¦,[],0
3645,2016-10-19,"@LINK #GamerGate Joey Salads caught faking racist ""social experiment""",[],0
3646,2016-10-19,"@LINK #GamerGate Review: ""The Politics of Bitcoin"" Offers a Flawed and Misleading Partisan View",[],0
3647,2016-10-19,For all who ask what #Gamergate is. @LINK (Want this ðŸ†“? &gt;&gt; @LINK,[],0
3648,2016-10-19,@LINK #GamerGate [Misc.] BBC micro:bit gets more girls interested in IT.,[],0
3649,2016-10-19,@LINK via /r/KiA #gamergate,[],0
3650,2016-10-19,Light another cigarette and let yourself go #gamergate,[],0
3651,2016-10-19,"@MENTION #AltRight #GamerGate 
@LINK
#Strikewitches @LINK","['ALTRIGHT', 'STRIKEWITCHES']",2
3652,2016-10-19,"@MENTION @MENTION #AltRight #GamerGate 
@LINK
#Strikewitches @LINK","['ALTRIGHT', 'STRIKEWITCHES']",2
3653,2016-10-19,"@MENTION @MENTION #AltRight #GamerGate 
@LINK
#Strikewitches @LINK","['ALTRIGHT', 'STRIKEWITCHES']",2
3654,2016-10-19,"@MENTION ""I'm not a gamer."" #GamerGate @LINK",[],0
3655,2016-10-19,"Top story: @MENTION: 'You can only retweet this today. 
#GamerGate #FullMacintâ€¦ @LINK see more @LINK",['FULLMACINT'],1
3656,2016-10-19,"You know how gamers only care about a game if it has minorities in it? 

Oh, wait. That's idiots. Only idiots care about that.

#GamerGate",[],0
3657,2016-10-19,@LINK #GamerGate DBADJ,[],0
3658,2016-10-19,@LINK #GamerGate [Industry] An Alternative to Politicized Software Development Methodologies,[],0
3659,2016-10-19,"You want more women/POC in video games? Then make your own game, &amp; put as many tokens in there as you want! Simple as that. #GamerGate",[],0
3660,2016-10-19,I just had some raspberry yogurt. It was scrumptious! #GamergAte,[],0
3661,2016-10-19,"@MENTION #GamerGate @LINK
A content #egregore @LINK",['EGREGORE'],1
3662,2016-10-19,"This is your life, don't play hard to get #gamergate",[],0
3663,2016-10-19,#GamerGate is still kicking: â€˜Black Mirrorâ€™ Season 3 Surprise @LINK,[],0
3664,2016-10-19,It has been &lt;zero&gt; days since a critic of #GamerGate was revealed as a sex pest @LINK,[],0
3665,2016-10-19,gamers are pitiful #gamergate,[],0
3666,2016-10-19,@MENTION @MENTION Sounds similar to the SJWs saying #GamerGate was only 300 sockpuppets,[],0
3667,2016-10-19,@MENTION @MENTION @MENTION Jamie you know about the real #GamerGate right? the one behind the facade?â€¦ @LINK,[],0
3668,2016-10-19,"#GamerGate  And two years later, we're still going strong. :^) @LINK",[],0
3669,2016-10-19,"@MENTION So going after corruption now=going full #GamerGate

Idk about anyone else but i will take that has aâ€¦ @LINK",[],0
3670,2016-10-19,Where were you when #gamergate lost 2 years ago? @LINK,[],0
3671,2016-10-19,#GamerGate #GameOfThrones #gamedev #attractandretain Women's bible site: The Sexodus - Men Giving Up On Women in gen @LINK,"['GAMEOFTHRONES', 'GAMEDEV', 'ATTRACTANDRETAIN']",3
3672,2016-10-19,Support violent video games!  #GamerGate @LINK,[],0
3673,2016-10-19,It's a free world #gamergate,[],0
3674,2016-10-19,@MENTION @MENTION @LINK #GamerGate @LINK,[],0
3675,2016-10-19,"@MENTION @MENTION #gamergate to me was after SJW harpies drove men away to the matrix, they followed them in to take the waiifus.",[],0
3676,2016-10-19,The MRAs from Equestria Daily are in my Pokemon gym. Killing my girlf! #gamergate,[],0
3677,2016-10-19,everyone on #Gamergate is shitty,[],0
3678,2016-10-19,all you have to do is fall in love #gamergate,[],0
3679,2016-10-19,I just ate some cashews. It was gross. #GamergAte,[],0
3680,2016-10-19,"Patel's being charged with sexual assault too?

I'm not gonna claim EVERYONE in anti #gamergate is a rapist but this IS getting weird",[],0
3681,2016-10-19,#GamerGate needs a good assfucking once in a lifetime @LINK,[],0
3682,2016-10-19,"@MENTION I think this would be more accurate if he added ""anti"" next to #GamerGate.",[],0
3683,2016-10-19,@LINK #GamerGate NeoGAF in a nutshell,[],0
3684,2016-10-19,@LINK #GamerGate So what are the GG-approved gaming news sites?,[],0
3685,2016-10-19,"For people who want a quick answer to this, I recommend following @MENTION.

#GamerGate
 
@MENTION",[],0
3686,2016-10-19,I guess #FullMcIntosh was right all along about being brought down by your own misogyny &amp; bigotry. But it only happens to anti-#GamerGate.,['FULLMCINTOSH'],1
3687,2016-10-19,"If I was a dude I'd hate any woman voting #ImWithHer for wanting me dead
Whether by Jihadists or Russians; dead is dead

#GamerGate #MAGA3X","['IMWITHHER', 'MAGA3X']",2
3688,2016-10-19,".@MENTION @MENTION Site of the Day isn't '#GamerGate-approved' exactly, but I'm open to recommendations or potential issues with sites.",[],0
3689,2016-10-19,@LINK via /r/KiA #gamergate,[],0
3690,2016-10-19,"There are people dying of hunger in Africa, and here we are worrying about sexism in the video game industry. PRIORITIES man ðŸ˜‚ #gamergate",[],0
3691,2016-10-19,@MENTION #Gamergate taught us that twitter manipulates trending content.  Now the rest of the country is learning as their stock plummets,[],0
3692,2016-10-19,Play the game #gamergate,[],0
3693,2016-10-19,#GamerGate @MENTION @MENTION Here's the current Site of the Day list for anyone bothered: @LINK,[],0
3694,2016-10-19,@LINK #GamerGate [Gaming] United Front Games grant refunds for Smash+Grab following closure,[],0
3695,2016-10-19,"@MENTION @MENTION have you studied #GamerGate yet ? 
I'm told they will usher in the White Horse Prophecy @LINK",[],0
3696,2016-10-19,#GamerGate #Harambe The keks justify the memes.,['HARAMBE'],1
3697,2016-10-19,The women who supported #gamergate went through this a lot @LINK,[],0
3698,2016-10-19,"My #GamerGate book's glossary so far.

(I have definitions, but for those you'll have to read the book!) ðŸ˜› @LINK",[],0
3699,2016-10-19,I just ate a chocolate bar. It was delicious! #GamergAte,[],0
3700,2016-10-19,@MENTION #GamerGate @LINK,[],0
3701,2016-10-19,Everybody play the game of love #gamergate,[],0
3702,2016-10-19,2 years since #gamergate died. @LINK,[],0
3703,2016-10-19,Gamers don't die limited Edition T- Shirt @LINK #gamedev #GamerGate #tshirt #twitchtv @LINK,"['GAMEDEV', 'TSHIRT', 'TWITCHTV']",3
3704,2016-10-19,Gamers don't die Limited Edition T-shirt @LINK #gamedev #GamerGate #tshirt #twitchtv @LINK,"['GAMEDEV', 'TSHIRT', 'TWITCHTV']",3
3705,2016-10-19,"I was clearing out some old folders and found this absolute fucking gem.
#GamerGate @LINK",[],0
3706,2016-10-19,@LINK #GamerGate CNN Cuts feed of Rep. Chris Collins When He Brings Up WikiLeaks,[],0
3707,2016-10-19,YouTube Poop: Laci Green and the Ladyboys @LINK via @MENTION xD #gamergate wot of the day still lives,[],0
3708,2016-10-19,"@MENTION @MENTION If #GamerGate is dead, would feminists still cry misogyny?",[],0
3709,2016-10-19,"If you're male &amp; anti-#GamerGate odds are you're a liar, pedophile, rapist or sexually assaulted someone.  
What a great group!",[],0
3710,2016-10-19,@MENTION #gamergate,[],0
3711,2016-10-19,"How about you fuck off? Also let me comment on your goddamn articles...
#Censorship
#Gamergate @LINK",['CENSORSHIP'],1
3712,2016-10-19,#GamerGate Double plus good comrade @LINK,[],0
3713,2016-10-19,My game of love has just begun #gamergate,[],0
3714,2016-10-19,@LINK via /r/KiA #gamergate,[],0
3715,2016-10-19,@LINK via /r/KiA #gamergate,[],0
3716,2016-10-19,"#GamerGate IT IS AS WAS SAID BEFORE.

THOSE WHO COMMIT HORRIBLE ACTS ARE OFTEN THOSE WHO ACCUSE OTHERS OF DOING THE SAME WITH GREAT FERVOR.",[],0
3717,2016-10-19,"#StrikeWitches
@LINK
#GamerGate #AltRight Women run this, why haven't you joined? @LINK","['STRIKEWITCHES', 'ALTRIGHT']",2
3718,2016-10-19,all games are bad for children #gamergate,[],0
3719,2016-10-19,#GamerGate @LINK,[],0
3720,2016-10-19,@MENTION @MENTION 8/10 too much #Gamergate - IGN,[],0
3721,2016-10-19,They're making Marty McFly demi-romantic now?? Soft-blocked  #gamergate,[],0
3722,2016-10-19,@LINK #GamerGate Project Veritas Proven Right by CNN Video,[],0
3723,2016-10-19,Every thing I don't like is #GamerGate @LINK,[],0
3724,2016-10-19,@LINK #GamerGate Gawkerâ€™s Gizmodo Calls for Tech Titan Sam Altmanâ€™s Headâ€”for Not Firing Peter Thiel over his Trump suppoâ€¦,[],0
3725,2016-10-19,"@MENTION @MENTION @LINK 
It's Dangerous to Go Alone! Take This #GamerGate",[],0
3726,2016-10-19,"@LINK #GamerGate [History] CNN's Chris Cuomo claimed that the First Amendment doesn't cover ""hate speech""",[],0
3727,2016-10-19,I just had a pumpkin. It was awesome! #GamergAte,[],0
3728,2016-10-19,Love runs from my head down to my toes #gamergate,[],0
3729,2016-10-19,Me gustÃ³ un video de @MENTION de @MENTION @LINK Â¿Que es #Gamergate?,[],0
3730,2016-10-19,"#gamergate
I'll protect you M'lady...but not as well as my tweets @LINK",[],0
3731,2016-10-19,Gamergate r the traditionalists while its opponents r the liberals who want change. I'm about 75% GamerGate. #gamergate #feministfrequency,['FEMINISTFREQUENCY'],1
3732,2016-10-19,"#GamerGate #SJW #letsplay
Red Dead 2 w/o Women: Sexist! Excludes Women!
Red Dead 2 w/ Women: Sexist! Violence Against Women!","['SJW', 'LETSPLAY']",2
3733,2016-10-19,"&gt;Be critical of media you love
Just not like those filthy #GamerGate ers XD @LINK",[],0
3734,2016-10-19,"@LINK #GamerGate Misleading Headline: ""George Zimmerman Road-Rage Incident Ends in 20-Year Sentence"" â€” The 'incident' waâ€¦",[],0
3735,2016-10-19,all games should be censored #gamergate,[],0
3736,2016-10-19,"@MENTION @MENTION 

'Run out and get YOUR dose of beta male cuck!'
Guys like you are creepy.

#SJW #SecretPedo #GamerGate #MAGA3X","['SJW', 'SECRETPEDO', 'MAGA3X']",3
3737,2016-10-19,@MENTION We're dealing with people that will call in bomb threats to Washington D.C at a #Gamergate meet-up. It fits.,[],0
3738,2016-10-19,"Mailing goals
@LINK
&amp;
@LINK

Other
@LINK

#GamerGate #OpSKYNET @LINK",['OPSKYNET'],1
3739,2016-10-19,Open thread: how should brands respond to #GamerGate complaints? #internetwork @LINK,['INTERNETWORK'],1
3740,2016-10-19,"Everyone against #Gamergate turns out to be either, In it for the money, A rapist, or pedo, Yet still their Bullshit narrative is pushed!",[],0
3741,2016-10-19,Hey #GamerGate stop raping women for a week when I can touch her tits @LINK,[],0
3742,2016-10-19,"@MENTION #GamerGate's mindset never died. It only ever died in name.
Even then, AGG kept bringing the name up, ensuring it stayed alive",[],0
3743,2016-10-19,My love is pumping through my veins #gamergate,[],0
3744,2016-10-19,"@LINK #GamerGate [Drama] Kyle Foley - ""Popular YouTuber Caught Staging â€˜Social Experimentâ€™ About Black People and Trump""",[],0
3745,2016-10-19,"@LINK #GamerGate It's not much but WE DO GET mentioned in the PODESTA EMAIL LEAKS from Wikileaks (2 occasions so far, veâ€¦",[],0
3746,2016-10-19,"@MENTION @MENTION @MENTION @MENTION Hey Chris how long do you think before they go ""A BLOO BLOO #gamergate is attacking the DNC"" (T^T)",[],0
3747,2016-10-19,"yea I was thinking if any #gamergate people are in my class, they were internally losing their shit ðŸ˜‚ @MENTION",[],0
3748,2016-10-19,"What the... Liberals are so confusing, lol. I don't get it, shouldn't she be #irongirl? #ironman #gamergateâ€¦ @LINK","['IRONGIRL', 'IRONMAN']",2
3749,2016-10-19,"@MENTION Well, the Canadian government's still involved in the #GamerGate debacle via @MENTION. We'll try forcing honesty out of @MENTION.",[],0
3750,2016-10-19,"If we learned anything from #GamerGate, the truth doesn't fucking matter. Nobody cares about the truth.

Just money and status.",[],0
3751,2016-10-19,"There is nothing stopping you from making games. stop making excuses.
#gamergate @LINK",[],0
3752,2016-10-19,I'm a #triggered meme now. #gamergate #sjw #freemilo @LINK,"['TRIGGERED', 'SJW', 'FREEMILO']",3
3753,2016-10-19,I just devoured some lasagna. It was scrumptious! #GamergAte,[],0
3754,2016-10-19,"But it seems like pretty much everyone who ever shat on #GamerGate not only covers such things up but commits them

It's WEIRD @MENTION",[],0
3755,2016-10-19,(play the game) #gamergate,[],0
3756,2016-10-19,"@MENTION @MENTION Thanks, @MENTION's just waiting for @MENTION's failure to respond after almost TEN MONTHS. #GamerGate",[],0
3757,2016-10-19,"@MENTION Look at the past dug up at Wu and realize, That's All of anti  #Gamergate",[],0
3758,2016-10-19,if you ever need more evidence #GamerGate was right. @LINK,[],0
3759,2016-10-19,"@MENTION Was going to say ""My how she has fallen"", but you can't get any lower when starting out in the trash. #GamerGate",[],0
3760,2016-10-19,.@MENTION @MENTION Indeed! But @MENTION failed to answer a @MENTION request to justify their #GamerGate coverage from December 2015.,[],0
3761,2016-10-19,"#GamerGate will survive the pending Trump loss because it is about ethics, not cult worship or hijacking an agenda.",[],0
3762,2016-10-19,"In last ~24 hours, #Hillary ads embedded in mobile games: approximately 15. #Trump ads: precisely zero. #epicfail #TrumpTrain #GamerGate","['HILLARY', 'TRUMP', 'EPICFAIL', 'TRUMPTRAIN']",4
3763,2016-10-19,@LINK #GamerGate CNN Cuts Off Congressman When WikiLeaks Mentioned,[],0
3764,2016-10-19,I don't regret my association with #gamergate but it did burn me pretty bad. People kept telling me I should step away and let it go.,[],0
3765,2016-10-19,#GamerGate may not survive a Clinton win as I theorize she will revisit her game legislation and push for more contâ€¦ @LINK,[],0
3766,2016-10-19,"Opmerkelijk hoe @MENTION fel ze reageren op ""haters"" van hun nieuwste aanwinst. Zolang #gamergate maar niet terug komt.",[],0
3767,2016-10-19,"@MENTION We'll also be the ones to survive the coming nuclear war, being in the basement and all :^) #GamerGate @LINK",[],0
3768,2016-10-19,"@LINK #GamerGate 2 Years Ago, #FullMcintosh Declared #Gamergate Dead And He Was Completely Right!",['FULLMCINTOSH'],1
3769,2016-10-19,"hate women
terrorists
support Bernie
nazis
support Trump
communists
have waifus
You only need one word to describe absolute evil: #GamerGate",[],0
3770,2016-10-19,@MENTION @MENTION @MENTION Even if Hillary wins she'll face massive opposition. These last two years were warm up. #GamerGate,[],0
3771,2016-10-19,.@MENTION @MENTION @MENTION @MENTION CBC ombudsman has not addresses it in 10 months or even confirmed it was received. #GamerGate,[],0
3772,2016-10-19,Driving me insane #gamergate,[],0
3773,2016-10-19,I grow weary of politics invading Video Games. I just want to play a game set in WW1 without hearing about borders/ideals etc etc #GamerGate,[],0
3774,2016-10-19,@LINK #GamerGate British Army under fire for 'racist' tweet that showed a soldier withâ€¦,[],0
3775,2016-10-19,"The coming Nuclear War, started by Clinton.
Who will survive?
#GamerGate. Basement is best place to shield from radâ€¦ @LINK",[],0
3776,2016-10-19,@LINK #GamerGate Laci Green yet again does a false copyright claim against a small YouTuber.,[],0
3777,2016-10-19,"...he says, with his declarative non-argument. #GamerGate @LINK",[],0
3778,2016-10-19,Making Blues Brothers female flopped at the box office! I'm screaming  #gamergate,[],0
3779,2016-10-19,@LINK #GamerGate Anti-free speech activists make a safe space outside of the Presidential debate,[],0
3780,2016-10-19,@LINK via /r/KiA #gamergate,[],0
3781,2016-10-19,@LINK #GamerGate Friend got fired from Twitter after TechCrunch talked trash about him,[],0
3782,2016-10-19,Maybe #Gamergate was too radical - we demand that game journalists be honest when no journalists are honest.,[],0
3783,2016-10-19,@MENTION Really it is kind of unfair to ask games journalists to be honest and fair when no journalist is in retrospect. #GamerGate,[],0
3784,2016-10-19,This is a fascinating comparison guys. #TheKekoffensive #Anon #GamerGate #ReturnofKEK #Kek #Pepe #Mosesâ€¦ @LINK,"['THEKEKOFFENSIVE', 'ANON', 'RETURNOFKEK', 'KEK', 'PEPE', 'MOSES']",6
3785,2016-10-19,"@MENTION en mÃªme temps, dans le monde du JV ce sont les femmes qui se font le plus mal traiter en IRL. remember le #gamergate",[],0
3786,2016-10-19,I just had a peanut butter sandwich. It was disgusting. #GamergAte,[],0
3787,2016-10-19,"Come, come, come play the game #gamergate",[],0
3788,2016-10-19,Things were so much simpler back then. #GamerGate #VirtualRape #SJW @LINK,"['VIRTUALRAPE', 'SJW']",2
3789,2016-10-19,"@LINK #GamerGate [Censorship] Falwell censored anti-Trump column, Liberty U student editor says",[],0
3790,2016-10-19,@LINK #GamerGate Will the US Elections be Rigged? #IfTheMediaRiggedTheElection by Sargon of Akkad,['IFTHEMEDIARIGGEDTHEELECTION'],1
3791,2016-10-19,"Unpopular opinion, @MENTION isn't as bad since they got rid of @MENTION.  I think it was McIntosh creating the problems.  #GamerGate",[],0
3792,2016-10-19,"Not as bad as trying to dox a Japanese woman, you two-faced snake in the grass. #GamerGate @LINK",[],0
3793,2016-10-19,@LINK #GamerGate [Misc.] Anyone here know any non-union video game VAs? Will Hicks would like someone to interview...,[],0
3794,2016-10-19,Mortal Kombat II encourages deviant behavior #gamergate,[],0
3795,2016-10-19,"The vast, orchestrated publicity campaign against #GamerGate seems to have made Twitter unsalable. Good job, Jack. @LINK",[],0
3796,2016-10-19,@MENTION i don't - i just hate girl gamers #gamergate,[],0
3797,2016-10-19,"Mailing goals
@LINK
&amp;
@LINK

Other
@LINK

#GamerGate #OpSKYNET @LINK",['OPSKYNET'],1
3798,2016-10-19,@LINK #GamerGate Techdirt - CNN Tells Viewers It's Illegal For Them To Read Wikileaks Document Dumps. CNN Is Wrong,[],0
3799,2016-10-19,"@MENTION He's exactly right.  I mean, @MENTION helped Anita Sarkeesian pretend to be a gamer for years.  Its problematic. #GamerGate",[],0
3800,2016-10-19,"The nebulous boogie man. Like a desperate night worker, #GamerGate is whatever you want it to be. @LINK",[],0
3801,2016-10-19,Initiative to take your free speech: #GamerGate is #NichtEgal @LINK via @MENTION,['NICHTEGAL'],1
3802,2016-10-19,"play the game, play the game, play the game #gamergate",[],0
3803,2016-10-19,@LINK via /r/KiA #gamergate,[],0
3804,2016-10-19,@MENTION There is a definite trend. Professional psychologists needs to analyze the male feminists of Anti-#GamerGate.,[],0
3805,2016-10-19,I can't believe there are still people who think #gamergate was about ethics in journalism,[],0
3806,2016-10-19,feminism #gamergate,[],0
3807,2016-10-19,all games is stinky #gamergate,[],0
3808,2016-10-19,Hmm... this is one of the worst video game reviews I've read in a while. Obligatory GameDrop #GamerGate @MENTION @LINK,[],0
3809,2016-10-19,Giant green monsters everywhere were offended by Blanka's cultural insensitivity. #GamerGate @MENTION @LINK,[],0
3810,2016-10-19,I just ate some lemon meringue pie. It was yummy! #GamergAte,[],0
3811,2016-10-19,"You'd think that with the shit reputation the media gave #GamerGate, there'd be at least SOME parts of anti who aren't lunatics @MENTION",[],0
3812,2016-10-19,So good! Designing for Evil -  @LINK via @MENTION #gendergap #gamergate,['GENDERGAP'],1
3813,2016-10-19,@MENTION @MENTION @MENTION @MENTION @MENTION I don't know anymore #gamergate,[],0
3814,2016-10-19,@MENTION I'm a HUGE fan of your work. Haters like #Gamergate keeps lying about your views so I decided to make a liâ€¦ @LINK,[],0
3815,2016-10-19,"@MENTION I love this infographic. #Gamergate #antifeminist #mra manbabies keep lying about your views, here's the tâ€¦ @LINK","['ANTIFEMINIST', 'MRA']",2
3816,2016-10-19,I joined #GamerGate because you guys promised me a gamer girl gf but im still lonely you guys fucking lied to me,[],0
3817,2016-10-19,"@LINK #GamerGate [Opinion] Diane Turner - ""Preserving Artistic Freedom on Campus""",[],0
3818,2016-10-19,#GamerGate Semper vigilans @LINK,[],0
3819,2016-10-19,all games make children into communists #gamergate,[],0
3820,2016-10-19,#GamerGate needs a good assfucking once in a lifetime @LINK,[],0
3821,2016-10-19,@MENTION @MENTION #GamerGate,[],0
3822,2016-10-19,all games is sad #gamergate,[],0
3823,2016-10-19,The double standard of feminists and Kotaku is even more clear with #keijo @LINK #gamergateâ€¦ @LINK,['KEIJO'],1
3824,2016-10-19,@LINK #GamerGate Really KIA? CNN isn't trying to cover up Wikileak.,[],0
3825,2016-10-19,@LINK #GamerGate [Humor] Triggerhappy - The double standard in anime,[],0
3826,2016-10-19,@LINK #GamerGate [History] Vintage MovieBob authoritarianism,[],0
3827,2016-10-19,"I like adult themed scenarios in games, [NSFW] @LINK -Liberals don't like this, am I wrong? #gamergate #feministfrequency",['FEMINISTFREQUENCY'],1
3828,2016-10-19,egalitarianism #gamergate,[],0
3829,2016-10-19,I just ate a BLT. It was awful. #GamergAte,[],0
3830,2016-10-19,"It's a free, free world #gamergate",[],0
3831,2016-10-19,#GAMERGATE NEVER KILLED ANYONE BUT FEMINISTS DID READ THE SCUMM MANIFESTO,[],0
3832,2016-10-19,"So, does @MENTION support this type of co-opting of their IP for political purpose? #Overwatch #GamerGate

@LINK",['OVERWATCH'],1
3833,2016-10-19,"So how many people in #GamerGate would want to take a trip to Japan next year?

#GGinJapan 

cc @MENTION @MENTION @MENTION",['GGINJAPAN'],1
3834,2016-10-19,"#GamerGate you know what? he's totaly right, please rockstar add a SJW mode where every cowboy is replaced by a whiâ€¦ @LINK",[],0
3835,2016-10-19,"Mailing goals
@LINK
&amp;
@LINK

Other
@LINK

#GamerGate #OpSKYNET @LINK",['OPSKYNET'],1
3836,2016-10-19,@LINK The first undesirable who will be deported by @MENTION will be Crooked KIllary Clinton! #GamerGate,[],0
3837,2016-10-19,"ðŸ“· zennistrad: themundanematt: Why #gamergate is important Fun fact: Morgan Ramsay, founder of the... @LINK",[],0
3838,2016-10-19,@LINK #GamerGate [Discussion] A former game localiser on objectivity in games journalism and especially video game revieâ€¦,[],0
3839,2016-10-19,"@LINK #GamerGate National Review, Michelle Malkin: ""...they continue to star in phony debate theater wearing their dime-â€¦",[],0
3840,2016-10-19,"@LINK

via /r/KiA #gamergate",[],0
3841,2016-10-19,@MENTION @MENTION Starting to look like it was all about Harassing women on the Anti-#gamergate side. People who live in glass houses..,[],0
3842,2016-10-19,"@LINK #GamerGate [Misc.] Engadget still lying about Thiel, ""he took down Gawker precisely to restrict freedom of expressâ€¦",[],0
3843,2016-10-19,"@LINK #GamerGate [Gaming] Glenn White, Director of Marketing Infrastructure at EA: ""No one is oppressing me by providingâ€¦",[],0
3844,2016-10-19,I just had some fettucine alfredo. It was scrumptious! #GamergAte,[],0
3845,2016-10-19,"New Lara Croft model is A+, but she lost her signature outfit top/shorts, that sucks. #gamergate #feministFrequency #laracroft #TombRaider","['FEMINISTFREQUENCY', 'LARACROFT', 'TOMBRAIDER']",3
3846,2016-10-19,"@MENTION He does realize only 2 maybe 3 were outlaws (ie RDR) the rest were entertainers, scouts, hookers, and pimps? o.O; #GamerGate",[],0
3847,2016-10-19,games people should be censored #gamergate,[],0
3848,2016-10-19,"HA HA!

TIME FOR INFO DUMP
#GamerGate #NotYourShield #OpSKYNET","['NOTYOURSHIELD', 'OPSKYNET']",2
3849,2016-10-19,"Policy 
@LINK
@LINK
@LINK
@LINK
@LINK
#GamerGate",[],0
3850,2016-10-19,"Policy 2
@LINK
@LINK
@LINK
@LINK
@LINK
#GamerGate",[],0
3851,2016-10-19,"Policy 3
@LINK
@LINK
@LINK
@LINK
@LINK
#GamerGate",[],0
3852,2016-10-19,"Policy 4
@LINK
@LINK
@LINK

#GamerGate",[],0
3853,2016-10-19,"FTCFOIA
@LINK
@LINK
@LINK
@LINK

#GamerGate",[],0
3854,2016-10-19,"Interv 16
@LINK
@LINK
@LINK
@LINK
@LINK
#GamerGate",[],0
3855,2016-10-19,"Various99
@LINK
@LINK
@LINK
@LINK
@LINK
#GamerGate",[],0
3856,2016-10-19,"Variou100
@LINK
@LINK
@LINK
@LINK
@LINK
#GamerGate",[],0
3857,2016-10-19,"Variou101
@LINK
@LINK
@LINK
@LINK
@LINK
#GamerGate",[],0
3858,2016-10-19,"Variou102
@LINK
@LINK
@LINK
@LINK
@LINK
#GamerGate",[],0
3859,2016-10-19,"Timeline
@LINK
@LINK
@LINK
@LINK
@LINK
#GamerGate",[],0
3860,2016-10-19,"ZachAttak
@LINK
@LINK
@LINK
@LINK
@LINK
#GamerGate",[],0
3861,2016-10-19,"ZachAtta2
@LINK
@LINK
@LINK
@LINK
@LINK
#GamerGate",[],0
3862,2016-10-19,"CONLogs
@LINK
@LINK
@LINK
@LINK
@LINK
#GamerGate",[],0
3863,2016-10-19,game players are dreadful #gamergate,[],0
3864,2016-10-19,"CONLogs 2
@LINK
@LINK
@LINK
@LINK
@LINK
#GamerGate",[],0
3865,2016-10-19,"ConLogs 3
@LINK
@LINK
@LINK
@LINK
@LINK
#GamerGate",[],0
3866,2016-10-19,"CONLogs 4
@LINK
@LINK
@LINK
@LINK
@LINK
#GamerGate",[],0
3867,2016-10-19,"ConLogs 5
@LINK
@LINK
@LINK
@LINK
@LINK
#GamerGate",[],0
3868,2016-10-19,"CONLogs 6
@LINK
@LINK
@LINK
@LINK

#GamerGate",[],0
3869,2016-10-19,"If you aren't getting 10% engage from your followers, you probably got muzzled by shit company Twitter.

@MENTION @MENTION #GamerGate",[],0
3870,2016-10-19,"Luckey
@LINK
@LINK
@LINK
@LINK
@LINK
#GamerGate",[],0
3871,2016-10-19,"Luckey2
@LINK
@LINK
@LINK
@LINK
@LINK
#GamerGate",[],0
3872,2016-10-19,"WalkinSim
@LINK
@LINK
@LINK
@LINK
@LINK
#GamerGate",[],0
3873,2016-10-19,"Faraci
@LINK
@LINK
@LINK
@LINK
@LINK
#GamerGate",[],0
3874,2016-10-19,"Issues46
@LINK
@LINK
@LINK
@LINK
@LINK
#GamerGate",[],0
3875,2016-10-19,"Issues47
@LINK
@LINK
@LINK
@LINK
@LINK
#GamerGate",[],0
3876,2016-10-19,"Issues48
@LINK
@LINK
@LINK
@LINK
@LINK
#GamerGate",[],0
3877,2016-10-19,"Issues49
@LINK
@LINK
@LINK
@LINK
@LINK
#GamerGate",[],0
3878,2016-10-19,"Charity:
@LINK
@LINK
@LINK
@LINK
@LINK
#GamerGate",[],0
3879,2016-10-19,"Newish:
@LINK
@LINK
@LINK
@LINK
@LINK
#GamerGate",[],0
3880,2016-10-19,"Newish 2:
@LINK
@LINK
@LINK
@LINK
@LINK
#GamerGate",[],0
3881,2016-10-19,"Newish 3:
@LINK
@LINK
@LINK
@LINK
@LINK
#GamerGate",[],0
3882,2016-10-19,"More links:
@LINK
@LINK
#GamerGate",[],0
3883,2016-10-19,"WTF is a ""communist neo-#GamerGate-r""? ðŸ˜‚ðŸ˜‚ðŸ˜‚ @LINK",[],0
3884,2016-10-19,"Mailing goals
@LINK
&amp;
@LINK

Other
@LINK

#GamerGate #OpSKYNET @LINK",['OPSKYNET'],1
3885,2016-10-19,"Last night silk learned why it's important to keep your drinking pace with everyone I'm going on a massive scale, #GamerGate",[],0
3886,2016-10-19,"&gt;#GamerGate
&gt;harassment campaign

@LINK @LINK",[],0
3887,2016-10-19,"@MENTION @MENTION Well, I mean, #gamergate was a fairly explicit attempt to use the tactics of SJWs against them.",[],0
3888,2016-10-19,fight me zoe quinn #gamergate,[],0
3889,2016-10-19,"@MENTION @MENTION Well, #gamergate was a pushback against SJWs/Communists/The Far Left by largely centre left gamers",[],0
3890,2016-10-19,play the game of love #gamergate,[],0
3891,2016-10-19,"@MENTION @MENTION So I mean, communists/SJWs/etc. do act like #gamergate but that's cause #gg was trying to act like SocJus activists",['GG'],1
3892,2016-10-19,"soo...uhh...#gamergate is communist now?

well communism IS dead... :^)",[],0
3893,2016-10-19,"Like when people used abusive trolls to smear #GamerGate, a movement that has been proved RIGHT.

@LINK",[],0
3894,2016-10-19,@LINK #GamerGate This stuff is leaking into the real world. Seen on my neighborhood notice board.,[],0
3895,2016-10-19,""" Communist #Gamergate ""

the living evidence that continued usage of neon hair dyes can cause brain damage. @LINK",[],0
3896,2016-10-19,The latest #GamerGate Chronicle! @LINK Thanks to @MENTION @MENTION @MENTION #gamergate #altright,['ALTRIGHT'],1
3897,2016-10-19,@MENTION Moot point. We won't have a choice in the matter since we'll be in jail for supporting #GamerGate,[],0
3898,2016-10-19,As half the bearded creepers whining at #gamergate have been outed as sexpredators you may wanna tone down the vrtue signaling @MENTION,[],0
3899,2016-10-19,"Video games are like a novel; the story is written the way it is written, stop complaining about a lack of inclusion #GamerGate",[],0
3900,2016-10-19,How do GGers not get that Uncharted perpetuates murder of Hispanic ppl??? #gamergate,[],0
3901,2016-10-19,you may be shocked to learn that apparently people are still pro- #gamergate,[],0
3902,2016-10-19,"So #gamergate. We are now Communist-nazi-ISIS-klansmen-berniebros-trump supporters....i miss anything out?

@LINK",[],0
3903,2016-10-19,"&gt;""Communist #Gamergate""

Meanwhile, Kotaku takes design notes from Cold War Soviet Years.
@MENTION @LINK",[],0
3904,2016-10-19,Grand Theft Auto 5 is an overrated piece of shit #gamergate,[],0
3905,2016-10-19,"LOL
#GamerGate @LINK",[],0
3906,2016-10-19,@LINK #GamerGate [industry] Toxic brand Vice Gaming has re-branded to Waypoint,[],0
3907,2016-10-19,@LINK #GamerGate So a full 3 hours before the debate and reddit has shut down the voting system on /r /the donald.,[],0
3908,2016-10-19,"@LINK #GamerGate Peak 2016 has been reached. Tavis Smiley: ""Why I Fear America Could Enslave Black People Again""",[],0
3909,2016-10-19,I just had a scone. It was okay. #GamergAte,[],0
3910,2016-10-19,"""why does #gamergate think bearded antiGGers like me are sex offenders?""
pictured: three bearded antiGGers outed asâ€¦ @LINK",[],0
3911,2016-10-19,games people are stinky #gamergate,[],0
3912,2016-10-19,"@MENTION I'm not a gamer, but let me lecture the industry and gamers on what they need to do.... #GamerGate",[],0
3913,2016-10-19,Your life #gamergate,[],0
3914,2016-10-19,"@MENTION @MENTION from #GamerGate - @LINK - @MENTION @MENTION was this email submitted, looks personal.",[],0
3915,2016-10-19,wow amazing thank you @MENTION @MENTION for saying fuck you to #gamergate creeps with this!! @LINK,[],0
3916,2016-10-19,"TEENAGE COMMUNIST NEO-GAMERGATERS
TEENAGE COMMUNIST NEO-GAMERGATERS
TEENAGE COMMUNIST NEO-GAMERGATERS
#gamergate
@LINK",[],0
3917,2016-10-19,@LINK #GamerGate How could it possibly go wrong?,[],0
3918,2016-10-19,"What gamers try to tell you but mainstream media doesn't want you to know.

@LINK #GamerGate",[],0
3919,2016-10-19,@MENTION #GamerGate is going to save America. Making people aware of journalistic ethics issues is literally going to save the free world!,[],0
