1068605696747495426,1068605696747495426,1543610426000,2018-11-30,13:40:26,MST,713669261085052929,nownews99,Nowæ–°é—»,,è´ºå»ºå¥ä¸å—ç§‘å¤§çš„åŸºå› ç¼–è¾‘è¢«çˆ†ä¸ºæ•›è´¢  https://www.nnews.eu/topnews/3585.htmlÂ â€¦ pic.twitter.com/9b1p89jUrs,,['https://www.nnews.eu/topnews/3585.html'],['https://pbs.twimg.com/media/DtRzN8bVsAASlGM.jpg'],0,0,0,,[],https://twitter.com/NowNews99/status/1068605696747495426,,
1068605650886946816,1068605650886946816,1543610415000,2018-11-30,13:40:15,MST,917501383552765952,focusnews99,FocusNews,,è´ºå»ºå¥ä¸å—ç§‘å¤§çš„åŸºå› ç¼–è¾‘è¢«çˆ†ä¸ºæ•›è´¢  https://www.nnews.eu/topnews/3585.htmlÂ â€¦ pic.twitter.com/o722YiswfI,,['https://www.nnews.eu/topnews/3585.html'],['https://pbs.twimg.com/media/DtRzLReUUAARC2f.jpg'],0,0,0,,[],https://twitter.com/FocusNews99/status/1068605650886946816,,
1068596865803960320,1068596865803960320,1543608321000,2018-11-30,13:05:21,MST,303806284,unesco_chinese,è”åˆå›½æ•™ç§‘æ–‡ç»„ç»‡,,åœ¨åŸºå› ç–—æ³•å’Œäººç±»èƒšèƒå¹²é¢„ç­‰æ–¹é¢ï¼Œæˆ‘ä»¬å¿…é¡»é‡‡å–æå…¶è°¨æ…çš„æ€åº¦ã€‚ â€”â€”è”åˆå›½æ•™ç§‘æ–‡ç»„ç»‡æé†’è°¨æ…ä½¿ç”¨åŸºå› ç¼–è¾‘  https://bit.ly/2Q1VLHbÂ  #åŸºå› ç¼–è¾‘ #GeneEditing #ç§‘å­¦ä¼¦ç† #Bioethics pic.twitter.com/Gngc0qoKHL,,['https://bit.ly/2Q1VLHb'],['https://pbs.twimg.com/media/DtRqZ9rXoAY0pWD.jpg'],0,0,0,,"['#åŸºå› ç¼–è¾‘', '#geneediting', '#ç§‘å­¦ä¼¦ç†', '#bioethics']",https://twitter.com/UNESCO_chinese/status/1068596865803960320,,
1068594582202535937,1068594582202535937,1543607776000,2018-11-30,12:56:16,MST,375596112,l_guang,å¦„è®®éƒ¨é•¿,,ä¸­å…±åœ¨è¿™ä»¶äº‹çš„è¡¨ç°æ˜¯å³æ— çŸ¥ä¹Ÿæ— è€»ï¼Œä¸çŸ¥é“åŸºå› ç¼–è¾‘çš„ä¼¦ç†é£é™©ï¼Œæ— çŸ¥è›®å¹²è¿˜ä»¥ä¸ºæ¡äº†æ¼ï¼›è§è‹—å¤´ä¸å¯¹åˆç«‹åˆ»ç”©é”…ç»™é©¬ä»”ï¼Œè¢«å‘Šå˜åŸå‘Šï¼Œç»§ç»­ä¼Ÿå…‰æ­£ï¼Œæ— è€»ä¸‹æµæ¯«ä¸æ©é¥°ã€‚  https://twitter.com/stupidwz/status/1068576168696176641Â â€¦,,['https://twitter.com/stupidwz/status/1068576168696176641'],[],0,0,0,,[],https://twitter.com/L_Guang/status/1068594582202535937,,https://twitter.com/stupidwz/status/1068576168696176641
1068594071919198208,1068594071919198208,1543607654000,2018-11-30,12:54:14,MST,935389646288068614,johnche76453494,John Chen,,ã€ç†±é»ã€‘åŸºå› ç¼–è¾‘å©´å„¿â€œéäººéé©¬ éç‰›éçŒªâ€ è´ºå»ºå¥è‡ªè±ªèƒŒåæ·±å±‚åŸå›  J  https://youtu.be/uY_HPuh-DcwÂ  æ¥è‡ª @YouTube,['youtube'],['https://youtu.be/uY_HPuh-Dcw'],[],1,0,0,,[],https://twitter.com/JohnChe76453494/status/1068594071919198208,,
1068591377901080576,1068591377901080576,1543607012000,2018-11-30,12:43:32,MST,2228923183,xiaowuyuyu,lijiawei,,I liked a @YouTube video  http://youtu.be/-sYx4LGM5LY?aÂ  è°è¯¥ä¸ºåŸºå› ç¼–è¾‘å©´å„¿ä¹°å•ï¼Ÿ,['youtube'],['http://youtu.be/-sYx4LGM5LY?a'],[],0,0,0,,[],https://twitter.com/xiaowuyuyu/status/1068591377901080576,,
1068585478155370497,1068585478155370497,1543605606000,2018-11-30,12:20:06,MST,904959163087724544,chineseinla_com,æ´›æ‰çŸ¶åäººèµ„è®¯ç½‘,,æˆ‘å‘ @YouTube æ’­æ”¾åˆ—è¡¨æ·»åŠ äº†ä¸€ä¸ªè§†é¢‘  http://youtu.be/dsUD-0VlgwY?aÂ  åŸºå› ç¼–è¾‘å©´å„¿èƒŒåå¤±æ§çš„äº§ä¸šé“¾,['youtube'],['http://youtu.be/dsUD-0VlgwY?a'],[],0,0,0,,[],https://twitter.com/ChineseInLA_com/status/1068585478155370497,,
1068583090480500736,1068583090480500736,1543605036000,2018-11-30,12:10:36,MST,414942743,suzukakanai,kanaiwest,,è¿‘æ—¥æ·±åœ³å—æ–¹ç§‘æŠ€å¤§å­¦å‰¯æ•™æˆè´ºå»ºå¥ä¸ä»…å®£å¸ƒâ€œåŸºå› ç¼–è¾‘â€åŒèƒèƒå¥³å©´æ·±åœ³è¯ç”Ÿï¼Œæ›´ç§°æœ‰ç¬¬äºŒèµ·â€œåŸºå› ç¼–è¾‘â€æ€€å­•æ¡ˆä¾‹ï¼Œç›¸å…³è¨€è®ºå¼•å‘å­¦ç•Œæ‰¹è¯„ã€‚æ—¥å‰å†æœ‰äººçˆ†æ–™ï¼Œè¿™ä¸€åˆ‡éƒ½æ˜¯å®˜æ–¹ä¸‹ä»¤æ‰§è¡Œã€‚   https://m.secretchina.com/news/gb/2018/11/30/877811.htmlÂ â€¦,,['https://m.secretchina.com/news/gb/2018/11/30/877811.html'],[],0,0,0,,[],https://twitter.com/suzukakanai/status/1068583090480500736,,
1068582899908259840,1068582899908259840,1543604991000,2018-11-30,12:09:51,MST,1026113141858598913,blackswan614,è¿œå½’ FarHome,,é‚ªå…±ä½“åˆ¶ä½œæ¶æ²¡æœ‰åº•çº¿ã€‚äººæ°‘æ—¥æŠ¥å±…ç„¶åˆŠæ–‡å¹å˜˜åŸºå› ç¼–è¾‘å©´å„¿ï¼Œè¿™ç§ä¸§å°½å¤©è‰¯è·µè¸ä¼¦ç†é“å¾·çš„äº‹ã€‚è¿™æŠ€æœ¯åœ¨è¥¿æ–¹å·²ç»æˆç†Ÿï¼Œä½†ç¦æ­¢äººä½“è¯•éªŒã€‚ä¸Šäº¿å…ƒçš„é¡¹ç›®ï¼Œéš¾é“æ²¡æœ‰ç«‹é¡¹å®¡æ‰¹ï¼Ÿå³ä¾¿åœ¨å°ç™½é¼ ä¸Šè¯•éªŒæˆåŠŸç‡éƒ½ä¸é«˜ï¼Œæ­¤è¯•éªŒæ˜“äº§ç”Ÿç•¸å½¢å„¿ï¼Œç»†æ€ææï¼æœ‰ä¼ å¾ˆå¤šç ”ç©¶æœºæ„ä¸å†æ¥æ”¶ä¸­å›½å­¦è€…ã€å­¦ç”Ÿäº†ã€‚è·Ÿéšæ–‡è´µï¼Œå‰¿ç­é‚ªå…±ï¼  pic.twitter.com/9cInB2gtEE,,[],['https://pbs.twimg.com/media/DtRdjl9WsAIJgxe.jpg'],0,0,1,,[],https://twitter.com/blackswan614/status/1068582899908259840,,
1068577699885535233,1068577699885535233,1543603751000,2018-11-30,11:49:11,MST,3100662583,stupidwz,stupidwz,,è¿™é¡¹åŸºå› ç¼–è¾‘æŠ€æœ¯å‘æ˜äºç¾å›½è€Œä¸”å¹¶ä¸å¤æ‚ï¼Œä¸–ç•ŒèŒƒå›´å†…ä¸€è‡´åŒæ„ï¼ŒåŸºå› ç¼–è¾‘èƒšèƒç»ä¸èƒ½ç§»æ¤åˆ°å­å®«ï¼Œå› ä¸ºæ— äººçŸ¥é“å©´å„¿å‡ºç”Ÿåçš„å‘å±•å¦‚ä½•ã€‚åŒæ—¶ç”±äºæŠ€æœ¯ä¸Šæœªå‘å±•æˆç†Ÿï¼Œæ— æ³•ä¿è¯æ²¡æœ‰å½±å“åˆ°DNAçš„å…¶å®ƒéƒ¨åˆ†ï¼Œè¿™äº›äººå‡ºç”Ÿåçš„é£é™©æ˜¯ä¸å¯é¢„æµ‹çš„ã€‚ä¸­å›½æ˜¯é¦–ä¾‹ã€‚è¿™å¯¹åŒèƒèƒå¥³å©´ä¹Ÿä¼šå°†è¿™ç§ç‰¹å®šåŸºå› æ”¹å˜ä¼ é€’ç»™å¥¹ä»¬çš„åä»£,,[],[],0,3,7,,[],https://twitter.com/stupidwz/status/1068577699885535233,,
1068576168696176641,1068576168696176641,1543603386000,2018-11-30,11:43:06,MST,3100662583,stupidwz,stupidwz,,ä¸­å›½å®˜æ–¹11æœˆ29æ—¥å®£å¸ƒæš‚åœå—å¤§â€œåŸºå› ç¼–è¾‘å©´å„¿â€ã€‚ä½†æ­¤å‰è´ºçš„ç ”ç©¶â€œæˆæœâ€è¢«å®˜åª’äººæ°‘æ—¥æŠ¥æ­£é¢æŠ¥å¯¼ã€‚éšå³ç§‘å­¦ç•Œå†…å¤–å‘ç”Ÿéœ‡è¡ï¼Œè´ºçš„ç ”ç©¶å—åˆ°å¼ºçƒˆè°´è´£ã€‚æ­¤åä¸­å…±å®˜æ–¹æ€åº¦ç´§æ€¥å‘ç”Ÿåè½¬ï¼Œè´ºå»ºå¥è¢«å®˜æ–¹â€œæŠ›å¼ƒâ€ã€‚è¿™ä¸€å„å›½æ— æ³•æ¥å—çš„ç ”ç©¶åœ¨ä¸­å›½å‘ç”Ÿï¼Œæ˜¾ç¤ºåœ¨ä¸­å…±åˆ¶é€ çš„æ— ç¥è®ºå¤§ç¯å¢ƒä¸­æ— æ³•æ— å¤©ï¼Œæ‰æ•¢è§¦ç¢°é“å¾·ä¼¦ç†åº•çº¿ã€‚,,[],[],2,10,16,,[],https://twitter.com/stupidwz/status/1068576168696176641,,
1068573381413371904,1068573381413371904,1543602721000,2018-11-30,11:32:01,MST,933037012373909505,iillililliilll,ğŸŒ•,,å¤±è´¥å°±æ€äººï¼Ÿè´ºå»ºå¥æ›¾æ‰¿è¯ºã€å­©å­ä¸å¥åº·å°±å¤„ç†æ‰ã€ | åŸºå› ç¼–è¾‘å©´å„¿ | è‰¾æ»‹ç—…æ‚£è€… | å°ç™½é¼  æ–°å”äººç”µè§†å°  https://shar.es/aa5q4yÂ ,,['https://shar.es/aa5q4y'],[],0,0,0,,[],https://twitter.com/IIllIlIllIIlll/status/1068573381413371904,,
1068573280917803009,1068573280917803009,1543602697000,2018-11-30,11:31:37,MST,3100662583,stupidwz,stupidwz,,è´ºå»ºå¥ä»¥ä¸ºä»–çš„äº‹ä¸šä¼šæ›´ä¸Šä¸€å±‚æ¥¼ï¼Œå´æ„å¤–åœ¨ä¸–ç•Œæ¶åè¿œæ‰¬ï¼Œè€Œä¸”è¢«æ”¯æŒä»–çš„æ”¿åºœã€å¤§å­¦æŠ›å¼ƒã€‚è´ºæ˜¯â€œä¸å°å¿ƒæ³„éœ²äº†å›½å®¶æœºå¯†â€ï¼Œè´ºçš„â€œåŸºå› ç¼–è¾‘å©´å„¿â€å®éªŒï¼Œæ˜¯ç”±ä¸­å…±ä¸Šå±‚æ¨åŠ¨ï¼Œå—ç§‘å¤§è´Ÿè´£å®æ–½ï¼Œè´ºå»ºå¥å…·ä½“æ‰§è¡Œçš„ç§˜å¯†è®¡åˆ’ã€‚ä»ä¸Šäº¿èµ„é‡‘ã€è´ºä½œä¸ºâ€œåƒäººè®¡åˆ’â€å¼•è¿›å—ç§‘å¤§ã€è¿™ä¹ˆå¤šäººè¢«è¯•éªŒç­‰ï¼Œæ²¡æœ‰å›½å®¶çš„åŠ›é‡ç»å¯¹åŠä¸åˆ°ã€‚,,[],[],3,20,41,,[],https://twitter.com/stupidwz/status/1068573280917803009,,
1068567892764045318,1068567892764045318,1543601413000,2018-11-30,11:10:13,MST,458631766,kzglife,çœ‹ä¸­å›½æ–‡åŒ–ç½‘,,çœ‹å®¢ï¼šåŸºå› ç¼–è¾‘å©´å„¿æœ‰å¤‡è€Œæ¥ è´ºå»ºå¥ä¸ºå…šèƒŒé”…ï¼Ÿ(å›¾): ä¸­å›½ç§‘å­¦å®¶è´ºå»ºå¥11æœˆ26æ—¥çªç„¶å®£å¸ƒé¦–ä¾‹å…ç–«è‰¾æ»‹ç—…çš„åŸºå› ç¼–è¾‘å©´å„¿æˆåŠŸè¯ç”Ÿçš„æ¶ˆæ¯ï¼Œä¸ºä¸–ç•Œéœ‡æƒŠã€‚æœ‰æ‰¹è¯„æŒ‡å‘ä¸­å…±å½“å±€çš„ç›‘ç®¡è´£ä»»ï¼Œå®˜æ–¹â€¦  https://goo.gl/fb/K2TG3tÂ ,,['https://goo.gl/fb/K2TG3t'],[],0,0,0,,[],https://twitter.com/kzglife/status/1068567892764045318,,
1068567635044909056,1068567635044909056,1543601351000,2018-11-30,11:09:11,MST,3100662583,stupidwz,stupidwz,,è´ºå»ºå¥åœ¨å›½å¤–å¯¹äºåŸºå› ç¼–è¾‘æ¶‰åŠçš„ä¼¦ç†é—®é¢˜å¾ˆæ¸…æ¥šï¼Œæ¢äº†ä¸€ä¸ªæ–‡åŒ–ï¼Œæ³•å¾‹æ³•è§„ç¯å¢ƒå°±ç»“å‡ºæ¶æœã€‚ç”šè‡³ä¸å°‘ä¸­å›½äººè®¤ä¸ºï¼Œåº”å½“æŠ“ç´§è¿™é¡¹ç ”ç©¶ï¼Œè®©ä¸­å›½ç‡å…ˆäº§ç”Ÿå¤§é‡â€œæ–°äººç±»â€ï¼Œå®ç°å¯¹ä¸–ç•Œå„æ°‘æ—çš„å…¨é¢è¶…è¶Šã€‚è¿™ä¹ˆå¤šæ— çŸ¥æ— ç•è€…å®£æ‰¬ä»¥è‡ªèº«çš„æ¯ç­æ¥å®ç°è¶…è¶Šä¸–ç•Œå„æ°‘æ—çš„æ¢¦æƒ³ï¼ŒçœŸçš„åªæœ‰ä¸­å›½è¿™æ ·çš„æ–‡åŒ–åœŸå£¤æ‰ä¼šäº§ç”Ÿã€‚,,[],[],1,4,16,,[],https://twitter.com/stupidwz/status/1068567635044909056,,
1068566173548204034,1068566173548204034,1543601003000,2018-11-30,11:03:23,MST,1411262076,xu_wenli,å¾æ–‡ç«‹,,ä¹ è¿‘å¹³è¡°è´¥çš„åŸå› æ‰¾åˆ°äº† æˆŠæˆŒå¹´å‡¶å…†å†ç° å‘½æ‚¬ä¸€çº¿  https://www.youtube.com/watch?v=MxL2QstKnH4Â â€¦ --------------------- ä¸ºäº†æ‰€è°“ä¸–ç•Œç¬¬ä¸€å’Œå·¨å¤§å•†ä¸šåˆ©æ¶¦ï¼Œä»€ä¹ˆéƒ½æ•¢å¹²â€”â€” ä¸­å›½æ‹‰å“è­¦æŠ¥ï¼šåŸºå› ç¼–è¾‘å©´å„¿èƒŒåå¤±æ§çš„äº§ä¸šé“¾(å›¾)  http://enewstree.com/discuz/forum.php?mod=viewthread&tid=214954&extra=Â â€¦,,"['https://www.youtube.com/watch?v=MxL2QstKnH4', 'http://enewstree.com/discuz/forum.php?mod=viewthread&tid=214954&extra=']",[],0,1,0,,[],https://twitter.com/xu_wenli/status/1068566173548204034,,
1068566006824603649,1068421119932162048,1543600963000,2018-11-30,11:02:43,MST,915391763170385920,charlestonmuse,ç©ºè°·å›éŸ³ğŸ‘¨â€ğŸ’»,,æœ€å¤§çš„é—®é¢˜æ˜¯ä¸è¦äººä¸ºçš„åˆ¶é€ åŸºå› ç¼ºé™·ã€‚å¦‚æœåŸºå› ç¼–è¾‘å¯¼è‡´ç—…å˜ï¼Œå°¤å…¶æ˜¯åœ¨ç”Ÿè‚²å¹´é¾„ä¹‹åï¼Œé‚£è¿™ä¸ªç—…å˜åŸºå› ä¼šä¼ æ’­ä¸‹å»ã€‚è¿™äº›æºå¸¦è€…æ€ä¹ˆåŠï¼Ÿä»–ä»¬ä¹Ÿæœ‰ç”Ÿè‚²ç”Ÿå­˜æƒåˆ©ã€‚é‚£ç¤¾ä¼šå°±å¾—è´Ÿæ‹…åŒ»ç–—ã€‚åŸºå› ç¼–è¾‘çš„å±é™©æ€§ä¸èƒ½ä½ä¼°ã€‚å½“ä»£äººç±»ç¤¾ä¼šå·²ç»ä¸èƒ½å¤Ÿè¾¾å°”æ–‡å¼è¿›åŒ–ã€‚,['fangshimin'],[],[],0,0,0,,[],https://twitter.com/CharlestonMuse/status/1068566006824603649,,
1068563709801439232,1068563709801439232,1543600416000,2018-11-30,10:53:36,MST,901053706849861632,liu9oiu9b9c,quan  liu,,çœ‹å®¢ï¼šåŸºå› ç¼–è¾‘å©´å„¿æœ‰å¤‡è€Œæ¥ è´ºå»ºå¥ä¸ºå…šèƒŒé”…ï¼Ÿ(å›¾)  https://www.secretchina.com/news/gb/2018/12/01/877864.htmlÂ â€¦ ä¼ªç«  https://goo.gl/WN95IyÂ  ä¸‰é€€  https://goo.gl/YygSNjÂ ,,"['https://www.secretchina.com/news/gb/2018/12/01/877864.html', 'https://goo.gl/WN95Iy', 'https://goo.gl/YygSNj']",[],0,0,0,,[],https://twitter.com/Liu9oiu9b9c/status/1068563709801439232,,
1068562169703223296,1068562169703223296,1543600048000,2018-11-30,10:47:28,MST,451619446,kanzhongguolife,çœ‹ä¸­å›½ç”Ÿæ´»ç½‘,,çœ‹å®¢ï¼šåŸºå› ç¼–è¾‘å©´å„¿æœ‰å¤‡è€Œæ¥ è´ºå»ºå¥ä¸ºå…šèƒŒé”…ï¼Ÿ(å›¾): ä¸­å›½ç§‘å­¦å®¶è´ºå»ºå¥11æœˆ26æ—¥çªç„¶å®£å¸ƒé¦–ä¾‹å…ç–«è‰¾æ»‹ç—…çš„åŸºå› ç¼–è¾‘å©´å„¿æˆåŠŸè¯ç”Ÿçš„æ¶ˆæ¯ï¼Œä¸ºä¸–ç•Œéœ‡æƒŠã€‚æœ‰æ‰¹è¯„æŒ‡å‘ä¸­å…±å½“å±€çš„ç›‘ç®¡è´£ä»»ï¼Œå®˜æ–¹â€¦  https://goo.gl/fb/ep1SeKÂ ,,['https://goo.gl/fb/ep1SeK'],[],0,0,0,,[],https://twitter.com/kanzhongguolife/status/1068562169703223296,,
1068559947410006016,1068559947410006016,1543599519000,2018-11-30,10:38:39,MST,781297046376415232,zhaoxiaokai1116,åŒ—æµ·çš„æ¸…æ™¨,,åŸºå› ç¼–è¾‘ã€å®šåˆ¶å©´å„¿  pic.twitter.com/kFTEedgtzd,,[],['https://pbs.twimg.com/media/DtRJlXMU8AAr25c.jpg'],0,0,0,,[],https://twitter.com/zhaoxiaokai1116/status/1068559947410006016,,
1068559743784910848,1068559743784910848,1543599470000,2018-11-30,10:37:50,MST,2853407766,zhu0588,æœ±éŸµå’Œ,,@æé™ç¿çš„æ˜¨æ—¥ä¸–ç•Œ ï¼šçœ‹åˆ°é‚£ä¹ˆå¤šäººåœ¨åŸºå› ç¼–è¾‘çš„æ–°é—»ä¸‹é¢ç”¨â€œå¤„ç†â€è¿™æ ·æ®‹é…·å†·è¡€çš„è¯è¯­ï¼Œè¯´åº”è¯¥è®©ä¸¤ä¸ªå­©å­å®‰ä¹æ­»ï¼Œæ„Ÿåˆ°ä¸€ç§è¶…å‡ºæ–°é—»æœ¬èº«çš„éœ‡æƒŠå’Œæ¶å¿ƒã€‚çŸ³é»‘ä¸€é›„åœ¨ã€Šåˆ«è®©æˆ‘èµ°ã€‹ä¸­è®¨è®ºçš„å°±æ˜¯è¿™ä¸ªé—®é¢˜ï¼Œæœ‰äº›ç”Ÿå‘½çš„äº§ç”Ÿè¿‡ç¨‹å¯èƒ½æ˜¯ä¸ªé”™è¯¯ï¼Œä½†ç”Ÿå‘½æœ¬èº«ä¸æ˜¯ä»»ä½•é”™è¯¯ï¼Œæ°¸è¿œä¸æ˜¯ã€‚,,[],[],2,3,10,,[],https://twitter.com/zhu0588/status/1068559743784910848,,
1068559317626847232,1068559317626847232,1543599368000,2018-11-30,10:36:08,MST,2853407766,zhu0588,æœ±éŸµå’Œ,,@å­é™µåœ¨å¬æ­Œï¼šUMassåšCRISPRçš„æ•™æˆRyderå…¬å¸ƒäº†éƒ¨åˆ†GeneEditSummitä¼šè®®è´ºå»ºå¥æ‰€æŠ«éœ²çš„æ•°æ®ï¼Œä»çº¯ç²¹åŸºå› ç¼–è¾‘çš„è§’åº¦è®©äººæ‹…å¿§çš„æ˜¯ï¼ŒåŸºå› ç¼–è¾‘å¹¶ä¸æˆåŠŸã€‚å¨œå¨œæœ‰ä¸¤ä¸ªè¢«ç¼–è¾‘çš„CCR5å•å€åŸºå› çªå˜ä½“ï¼ŒIns1å’ŒDelta4ï¼ˆä¸ºäº†é¿å…Mosaicityï¼‰ï¼ŒIns1æœ‰11ä¸ªä¸é‡ç”Ÿå‹ï¼ˆWTï¼‰å®Œå…¨ä¸åŒçš„æ°¨åŸºé…¸åºåˆ—ï¼Œè¿™11ä¸ªæ°¨åŸºé…¸ä¹Ÿæ˜¯æ¯”ç»å…¸  pic.twitter.com/QKhuTHuDMO,,[],"['https://pbs.twimg.com/media/DtRIiYmVsAAcFMW.jpg', 'https://pbs.twimg.com/media/DtRI2GRV4AE-2p9.jpg']",1,6,6,,[],https://twitter.com/zhu0588/status/1068559317626847232,,
1068556858124787712,1068556858124787712,1543598782000,2018-11-30,10:26:22,MST,120829210,luckyevan,evanjin,,æˆ‘é¡¶äº†ä¸€ä¸ª @YouTube è§†é¢‘  http://youtu.be/JSyDnB8_mlI?aÂ  è¢è…¾é£èŠåŸºå› ç¼–è¾‘å©´å„¿:æ³•å¾‹ä¼¦ç†å…¨ç„¶ä¸é¡¾,['youtube'],['http://youtu.be/JSyDnB8_mlI?a'],[],0,0,0,,[],https://twitter.com/luckyevan/status/1068556858124787712,,
1068548255372447745,1068152944426737666,1543596731000,2018-11-30,09:52:11,MST,3433893172,frankchen58910,Frank Chen,,ä¸­å…±åŸæœ¬æƒ³æŠŠâ€œåŸºå› ç¼–è¾‘â€ä½œä¸ºG20å‰çš„é‡å¤§ç§‘æŠ€æˆæœå‘ç¾å›½å’Œå…¨ä¸–ç•Œæ˜¾æ‘†ï¼Œæ²¡æƒ³åˆ°å´æ‹›åˆ°å…¨ä¸–ç•Œçš„å”¾å¼ƒã€‚ç°åœ¨é—®é¢˜æ˜¯ä¸çŸ¥é“ä¸­å…±è¿˜æœ‰å“ªäº›â€œé‡å¤§æˆæœâ€æ­£åœ¨è¿›è¡Œä¸­ã€‚éœ€è¦è”åˆå›½æ´¾è°ƒæŸ¥ç»„è¿›é©»ä¸­å›½ï¼Œç¡®ä¿æ²¡æœ‰ç±»ä¼¼çš„å±å®³äººç±»çš„ç ”ç©¶é¡¹ç›®,"['voayuwen', 'voachinese']",[],[],0,1,1,,[],https://twitter.com/Frankchen58910/status/1068548255372447745,,
1068542369673433088,1068002020127199232,1543595328000,2018-11-30,09:28:48,MST,1032110338777473029,thomas40014588,gu-ri-ko,,ä¿®ç«è½¦ï¼šç ´åé£æ°´ ä¼šé­å¤©è°´çš„ã€‚è¯•ç®¡å©´å„¿ï¼šåˆ°åº•å­©å­çš„å¦ˆå¦ˆæ˜¯è°ï¼Ÿè½¬åŸºå› é£Ÿå“ï¼šåƒäº†ä¼šä¸è‚²ç§æ—ç­äº¡çš„ã€‚ã€‚ã€‚ç§‘å­¦æ˜¯å‘å±•çš„ï¼Œäººç±»æ–‡æ˜ä¹Ÿæ˜¯åœ¨å‘å±•çš„ã€‚åªè¦ç«‹æ³•ç®¡æ§å¥½ï¼ŒåŸºå› ç¼–è¾‘å°±æ˜¯ä¸ªå¯ä»¥é€ ç¦äººç±»çš„å·¥å…·ï¼Œå…³é”®æ˜¯ä½¿ç”¨å¾—å½“ã€‚,['jun008weibo'],[],[],0,0,0,,[],https://twitter.com/thomas40014588/status/1068542369673433088,,
1068539536718921729,1068532587721867265,1543594652000,2018-11-30,09:17:32,MST,91661819,caichu88,Cai Chu,,ã€çœŸç†éƒ¨ã€‘ç¬¬äºŒå±Šäººç±»åŸºå› ç»„ç¼–è¾‘å³°ä¼šå’ŒåŸºå› ç¼–è¾‘å©´å„¿ å…³äºç¬¬äºŒå±Šäººç±»åŸºå› ç»„ç¼–è¾‘å³°ä¼šå’ŒåŸºå› ç¼–è¾‘å©´å„¿ç›¸å…³æŠ¥é“ï¼Œè¯·ä¸¥æ ¼è§„èŒƒç¨¿æºï¼Œå¦‚æŠ¥é“ï¼Œåªå¯ä½¿ç”¨æƒå¨éƒ¨é—¨å‘å¸ƒå†…å®¹ï¼Œä¸è‡ªé‡‡è‡ªç¼–ï¼Œä¸å¼¹çª—æ¨é€ï¼Œä¸¥ç®¡æœ‰å®³è¯„è®ºè·Ÿå¸–ã€‚  https://chinadigitaltimes.net/chinese/2018/11/%E3%80%90%E7%9C%9F%E7%90%86%E9%83%A8%E3%80%91%E7%AC%AC%E4%BA%8C%E5%B1%8A%E4%BA%BA%E7%B1%BB%E5%9F%BA%E5%9B%A0%E7%BB%84%E7%BC%96%E8%BE%91%E5%B3%B0%E4%BC%9A%E5%92%8C%E5%9F%BA%E5%9B%A0%E7%BC%96%E8%BE%91/Â â€¦,,['https://chinadigitaltimes.net/chinese/2018/11/%E3%80%90%E7%9C%9F%E7%90%86%E9%83%A8%E3%80%91%E7%AC%AC%E4%BA%8C%E5%B1%8A%E4%BA%BA%E7%B1%BB%E5%9F%BA%E5%9B%A0%E7%BB%84%E7%BC%96%E8%BE%91%E5%B3%B0%E4%BC%9A%E5%92%8C%E5%9F%BA%E5%9B%A0%E7%BC%96%E8%BE%91/'],[],0,3,1,,[],https://twitter.com/caichu88/status/1068539536718921729,,
1068538685694582785,1068538685694582785,1543594449000,2018-11-30,09:14:09,MST,92350971,meiguocankao,è¿çº¿ç¾å›½.ç¾å›½å‚è€ƒ,,åŸºå› ç¼–è¾‘å©´å„¿è¯ç”Ÿä¸ºä»€ä¹ˆå¼•å‘å¦‚æ­¤å¤§çš„åå¯¹å’Œè´¨ç–‘ï¼Ÿ | é›¾è°·é£é¸¿  https://share.america.gov/zh-hans/why-does-the-genome-edited-baby-claim-provoke-outcry/#.XAFhz1KJLy0.twitterÂ â€¦,,['https://share.america.gov/zh-hans/why-does-the-genome-edited-baby-claim-provoke-outcry/#.XAFhz1KJLy0.twitter'],[],0,0,1,,[],https://twitter.com/MeiGuoCanKao/status/1068538685694582785,,
1068536146907385856,1068536146907385856,1543593844000,2018-11-30,09:04:04,MST,1402097694,sliangq,æ²ˆè‰¯åº†,,æˆ‘å¼ºè°ƒçš„æ˜¯æ­£å½“ç¨‹åºåŸåˆ™ï¼Œå³å¯¹äºæ¶‰åŠäººç±»åŸºå› ç¼–è¾‘çš„ç§‘ç ”æ´»åŠ¨è¦ç»è¿‡åŒ»å­¦ä¼¦ç†çš„å……åˆ†è®ºè¯å’Œå…¬å¼€è®¨è®ºï¼ŒæŒ‰ç…§æ³•å®šç¨‹åºè¿›è¡Œï¼Œä¸èƒ½ä»»ç”±æŸäº›æœºæ„å’Œä¸ªäººå‡ºäºæŸç§æœºä¼šä¸»ä¹‰éœ€è¦èƒ¡ä½œéä¸ºï¼Œå¯¹äºè¿è§„æœºæ„å’Œä¸ªäººå¿…é¡»ä¸¥æ ¼é—®è´£ç»ä¸å§‘æ¯ã€‚,,[],[],1,0,3,,[],https://twitter.com/sliangq/status/1068536146907385856,,
1068535141235154945,1068535141235154945,1543593604000,2018-11-30,09:00:04,MST,2574169418,soundofhope_soh,å¸Œæœ›ä¹‹è² - ä¸­åœ‹æ™‚å±€,,ã€è´ºå»ºå¥å¯¹â€œåŸºå› ç¼–è¾‘å©´å„¿â€æ„Ÿåˆ°éª„å‚²çš„æ·±å±‚åŸå› ã€‘ é¢å¯¹ä¸­å¤–ç§‘å­¦å®¶çš„çŒ›çƒˆæŠ¨å‡»ï¼Œè´ºå»ºå¥æ²¡æœ‰ä¸€ä¸ä¸€æ¯«çš„ç¾æ„§ï¼Œç›¸åï¼Œåšç§°è‡ªå·±æ‰€åšçš„äº‹æ˜¯å¯¹çš„ï¼Œä»–ä¸ºæ­¤æ„Ÿåˆ°éª„å‚²ã€‚è¿™åˆ°åº•æ˜¯ä¸ºä»€ä¹ˆï¼Ÿ  https://www.soundofhope.org/gb/2018/11/29/n2432719.htmlÂ â€¦ pic.twitter.com/MX1IDwzLue,,['https://www.soundofhope.org/gb/2018/11/29/n2432719.html'],['https://pbs.twimg.com/media/DtQzDB9XoAAtIZs.jpg'],0,1,2,,[],https://twitter.com/SoundOfHope_SOH/status/1068535141235154945,,
1068532274449149952,1068532274449149952,1543592921000,2018-11-30,08:48:41,MST,1042060744848596993,ryanhng1,å®åº·æ®¿ä¸‹,,åˆè€æ¿è¦é€‰æ¥ç­äººï¼Ÿå®ªæ³•ç™½æ”¹äº†ï¼Ÿå¦‚æœæ˜¯å¹¼å„¿å›­é‡Œæ‰¾å€’æ˜¯åˆæƒ…åˆç†ï¼Œæ®¡å¤©ä»¥åæ­£å¥½æ¥å¾—ä¸Šæ‰‹ï¼Œä¸è¿‡æœ€è¿‘æˆ‘å›½åŸºå› ç¼–è¾‘æŠ€æœ¯åˆçªç ´æ€§è¿›å±•äº†ï¼Œä¼°è®¡æ‰§æ”¿æœŸèƒ½å¤§å¹…åº¦å»¶é•¿ï¼Œè¿˜æ˜¯ç‰©è‰²ä¸€ä¸‹æ¥ç­äººçˆ¸å¦ˆå§  https://twitter.com/mingjingwang/status/1067941589845065728Â â€¦,,['https://twitter.com/mingjingwang/status/1067941589845065728'],[],0,0,0,,[],https://twitter.com/Ryanhng1/status/1068532274449149952,,https://twitter.com/mingjingwang/status/1067941589845065728
1068532164206055424,1068532164206055424,1543592894000,2018-11-30,08:48:14,MST,2788532124,chinaminbao,ä¸­å›½æ°‘æŠ¥,,å®˜æ–¹ç–‘æ”¾å¼ƒåŠ›æŒºåŸºå› ç¼–è¾‘è¯åŒèƒèƒå¥³å©´æ°‘æ—éª„å‚² é™·è¿‡è¡—è€é¼   http://dlvr.it/QsVRBPÂ  pic.twitter.com/GxoUvfi42I,,['http://dlvr.it/QsVRBP'],['https://pbs.twimg.com/media/DtQwVcKUcAAhsxa.jpg'],0,0,1,,[],https://twitter.com/chinaminbao/status/1068532164206055424,,
1068532126004334593,1068532126004334593,1543592885000,2018-11-30,08:48:05,MST,1402097694,sliangq,æ²ˆè‰¯åº†,,ã€åŒ…æ‹¬åŒ»å­¦ä¼¦ç†åœ¨å†…çš„ä¼¦ç†è§„èŒƒæˆ–å¯ä¸æ—¶ä¿±è¿›ï¼Œä¸åŒæ—¶ä»£ä¼šæœ‰ä¸åŒçš„è¡Œä¸ºè§„åˆ™ï¼Œä½†æ˜¯è¿™äº›è¿›åŒ–ç”Ÿæˆçš„è¡Œä¸ºè§„åˆ™å¯¹äºç»´ç³»æ­£å¸¸äººé™…å…³ç³»ç”šè‡³äººç±»ç”Ÿå­˜å…³ç³»é‡å¤§ä¸å¯æˆ–ç¼ºï¼Œç†åº”å¾—åˆ°å°Šé‡å’Œä¿å®ˆï¼Œè€Œä¸æ˜¯é‡‡å–ä¸è´Ÿè´£ä»»çš„èƒ¡ä½œéä¸ºæ€ä¹ˆéƒ½è¡Œã€‘åŸºå› ç¼–è¾‘å§”ä¼šæ‰¹ä¸ç¬¦è§„èŒƒã€€è´ºå»ºå¥æ²¡å‡ºå¸­ä¸“å®¶è®¨è®ºå»å‘æœªæ˜  https://www.rfa.org/cantonese/news/htm/hk-genetic-11292018074746.html?encoding=simplifiedÂ â€¦,,['https://www.rfa.org/cantonese/news/htm/hk-genetic-11292018074746.html?encoding=simplified'],[],0,0,0,,[],https://twitter.com/sliangq/status/1068532126004334593,,
1068531713880379397,1068441330206957568,1543592787000,2018-11-30,08:46:27,MST,257164690,xingfamily,George Xing,,è€æ–¹ï¼Œæœ‰ç©ºå¸Œæœ›ç§‘æ™®ä¸€ä¸‹åŸºå› ç¼–è¾‘è„±é¶çš„åæœï¼Œä»¥åŠä¸ºä»€ä¹ˆä¸ä¼šæå‡ºæ€ªç‰©ã€è¶…äººã€‚è¿™æ–¹é¢å¤§ä¼—åŸºæœ¬ä¸Šéƒ½æ˜¯ä»ç§‘å¹»ç‰‡å¾—åˆ°çš„çŸ¥è¯†ã€‚,['fangshimin'],[],[],0,0,1,,[],https://twitter.com/xingfamily/status/1068531713880379397,,
1068531593533317120,1068531593533317120,1543592758000,2018-11-30,08:45:58,MST,3310260026,lotus_pak,å‘¼å”¤è‰¯çŸ¥ çµæŸè¿«å®³,,å”é–è¿œï¼šè´ºå»ºå¥åŸºå› ç¼–è¾‘ å›é¿äº†ä¸‰ä¸ªé‡è¦é—®é¢˜ï¼ˆè§†é¢‘ï¼‰  https://www.tuidang.org/2018/11/30/%e5%94%90%e9%9d%96%e8%bf%9c%ef%bc%9a%e8%b4%ba%e5%bb%ba%e5%a5%8e%e5%9f%ba%e5%9b%a0%e7%bc%96%e8%be%91-%e5%9b%9e%e9%81%bf%e4%ba%86%e4%b8%89%e4%b8%aa%e9%87%8d%e8%a6%81%e9%97%ae%e9%a2%98%ef%bc%88%e8%a7%86/Â â€¦ ä¾†è‡ª @å…¨çƒé€€å…šæœåŠ¡ä¸­å¿ƒ,,['https://www.tuidang.org/2018/11/30/%e5%94%90%e9%9d%96%e8%bf%9c%ef%bc%9a%e8%b4%ba%e5%bb%ba%e5%a5%8e%e5%9f%ba%e5%9b%a0%e7%bc%96%e8%be%91-%e5%9b%9e%e9%81%bf%e4%ba%86%e4%b8%89%e4%b8%aa%e9%87%8d%e8%a6%81%e9%97%ae%e9%a2%98%ef%bc%88%e8%a7%86/'],[],0,0,1,,[],https://twitter.com/lotus_pak/status/1068531593533317120,,
1068530226127196160,1068530226127196160,1543592432000,2018-11-30,08:40:32,MST,946782271687811075,mnrrfbliz2rqa0y,è¡€æ‹¼âœŠâœŠâœŠä¼ éƒ­æ–‡è´µçˆ†æ–™å°†æ•‘ä½ å‘½,,ã€çƒ­ç‚¹äº’åŠ¨ã€‘åŸºå› ç¼–è¾‘å©´å„¿è¯ç”Ÿ ã€æ½˜æœµæ‹‰é­”ç›’ã€æ‰“å¼€ï¼Ÿ(è´ºå»ºå¥_å¤§é™†ç§‘å­¦å®¶)  https://youtu.be/_qSDldNVMy4Â  æ¥è‡ª @YouTubeåœ¨ç¾å›½å­¦æŠ€æœ¯ï¼Œæ˜çŸ¥æ˜¯è¿èƒŒäººç†é“å¾·çš„è¡Œä¸ºï¼ŒæŸäººåˆ©å·±çš„ä¸ºäº†ä¸€å·±ç§åˆ©ï¼Œåˆ«å›½ç«‹æ³•ç¦æ­¢ä½¿ç”¨çš„æŠ€æœ¯ï¼Œç¡¬è¯´æˆæ˜¯åˆ›æ–°å‘æ˜ï¼ŒçœŸæ˜¯æ— è€»åˆ°æç‚¹ã€‚,['youtube'],['https://youtu.be/_qSDldNVMy4'],[],0,3,3,,[],https://twitter.com/mnrrfbLiZ2rqA0y/status/1068530226127196160,,
1068529716787695616,1068294587222016000,1543592311000,2018-11-30,08:38:31,MST,1010772415,kidiom,kidiom,,äººæ°‘ç½‘ï¼Œå¹¶éäººæ°‘æ—¥æŠ¥ã€‚ è¿˜æœ‰å°ç¼–ä¹Ÿä¸æ¸…æ¥šåŸºå› ç¼–è¾‘å±å®³ã€‚å¾ˆå®¹æ˜“äººäº‘äº¦äº‘ï¼ŒæŠ¢å‘æ–°é—»è€Œå·²ã€‚ä¸å€¼å¾—å¤§æƒŠå°æ€ªã€‚,['lifetimeuscn'],[],[],0,0,1,,[],https://twitter.com/kidiom/status/1068529716787695616,,
1068528608472260608,1068528608472260608,1543592047000,2018-11-30,08:34:07,MST,20845447,rfi_cn,RFI åè¯­ - æ³•å›½å›½é™…å¹¿æ’­ç”µå°,,å®˜æ–¹ç–‘æ”¾å¼ƒåŠ›æŒºåŸºå› ç¼–è¾‘è¯åŒèƒèƒå¥³å©´æ°‘æ—éª„å‚² é™·è¿‡è¡—è€é¼   https://rfi.my/3O8G.tÂ  pic.twitter.com/0v3cFHrRjC,,['https://rfi.my/3O8G.t'],['https://pbs.twimg.com/media/DtQtGzNUwAE8q5Y.jpg'],1,5,7,,[],https://twitter.com/RFI_Cn/status/1068528608472260608,,
1068528031226949632,1068528031226949632,1543591909000,2018-11-30,08:31:49,MST,104791816,molihua_org,ä¸­å›½èŒ‰è‰èŠ±é©å‘½,,"å®˜æ–¹ç–‘æ”¾å¼ƒåŠ›æŒºåŸºå› ç¼–è¾‘è¯åŒèƒèƒå¥³å©´ ""æ°‘æ—éª„å‚²""é™·è¿‡è¡—è€é¼   http://dlvr.it/QsVMZzÂ ",,['http://dlvr.it/QsVMZz'],[],0,0,0,,[],https://twitter.com/molihua_org/status/1068528031226949632,,
1068525981529444352,1068525981529444352,1543591420000,2018-11-30,08:23:40,MST,498409102,boxunn,åšè®¯ç„¦ç‚¹,,åŸºå› ç¼–è¾‘è¯åŒèƒèƒå¥³å©´æ°‘æ—éª„å‚² é™·è¿‡è¡—è€é¼  :  https://ift.tt/2DPKqCNÂ ,,['https://ift.tt/2DPKqCN'],[],0,0,0,,[],https://twitter.com/BoxunN/status/1068525981529444352,,
1068525154353856512,1068417749909614592,1543591223000,2018-11-30,08:20:23,MST,780126985250934784,k_youngi,æ¨å¥‡,,ç›¸æ¯”åŸºå› ç¼–è¾‘ï¼Œäººé€ ç”Ÿå‘½æ˜¯ä¸æ˜¯æ›´åˆºæ¿€å‘¢ï¼ŸğŸ¤­  pic.twitter.com/n4oq9hfxEu,"['pideqihuanpl', 'nytchinese', 'peter13690']",[],['https://pbs.twimg.com/media/DtQp8viVYAACW-M.jpg'],0,0,0,,[],https://twitter.com/K_YoungI/status/1068525154353856512,,
1068525063706529793,1068525063706529793,1543591202000,2018-11-30,08:20:02,MST,233853782,javeeane,Javeane,,äººä¸ºåŸºå› ç¼–è¾‘å¼•èµ·çš„ä¸è‰¯çªå˜å’Œè‡ªç„¶æ¼”è¿›åŸºå› çªå˜ï¼Œæ­£å¦‚ä¸»åŠ¨æ‰¾é›·åŠˆå’Œä¸å°å¿ƒå¶ç„¶è¢«é›·åŠˆçš„åŒºåˆ«ã€‚,,[],[],0,1,1,,[],https://twitter.com/Javeeane/status/1068525063706529793,,
1068522921415467009,1068522921415467009,1543590691000,2018-11-30,08:11:31,MST,888949717605916672,fa2czukhtiwdsjw,è‰æ ¹,,ã€Šå»ºæ°‘è®ºæ¨å¢™406ã€‹éæ´²å¤–äº¤å¸¦æ¥é‡å¤§è‰¾æ»‹ç—…éšæ‚£ï¼ŒåŸºå› ç¼–è¾‘å‰‘æŒ‡è‰¾æ»‹ç—…ã€‚  https://youtu.be/uc_QKlfJziYÂ  ä¾†è‡ª @YouTube,['youtube'],['https://youtu.be/uc_QKlfJziY'],[],0,0,0,,[],https://twitter.com/FA2cZUKHtIWdsjw/status/1068522921415467009,,
1068520223391666177,1068520223391666177,1543590048000,2018-11-30,08:00:48,MST,904959163087724544,chineseinla_com,æ´›æ‰çŸ¶åäººèµ„è®¯ç½‘,,åŸºå› ç¼–è¾‘å©´å„¿èƒŒåå¤±æ§çš„äº§ä¸šé“¾ å•†ä¸šå¸å›½é­èµ·åº•! ç„¦ç‚¹20181129ï¼š http://youtu.be/dsUD-0VlgwY?aÂ ï¼ˆæ¥è‡ª@YouTubeï¼‰,['youtube'],['http://youtu.be/dsUD-0VlgwY?a'],[],0,0,0,,[],https://twitter.com/ChineseInLA_com/status/1068520223391666177,,
1068518085525557253,1068171569380261888,1543589538000,2018-11-30,07:52:18,MST,1402097694,sliangq,æ²ˆè‰¯åº†,,å‰å‡ å¤©è‡ªç”±äºšæ´²ç”µå°ç²¤è¯­éƒ¨æ–‡å®‡æ™´å¥³å£«å°±å›½å†…ç›¸å…³éƒ¨é—¨çº·çº·è¡¨æ€ï¼Œå½“äº‹äººåœ¨é¦™æ¸¯æ‹…å¿ƒå›æ¥å—åˆ°åˆ‘äº‹è¿½ç©¶å’Œâ€œè¿«å®³â€è¯¢é—®æˆ‘ï¼Œæˆ‘è¯´æœªç»æ­£å½“ç¨‹åºå¬è¯å’Œå…¬å¼€è¾©è®ºéšä¾¿è¿›è¡Œäººç±»åŸºå› ç¼–è¾‘çš„æ‰€è°“åˆ›æ–°ä¸¥é‡è¿èƒŒåŒ»å­¦ä¼¦ç†ï¼Œå‘ç”Ÿè¿™ç§äº‹å›ºç„¶æœ‰ç›¸å…³éƒ¨é—¨ç®¡ç†è´£ä»»ï¼Œå½“äº‹äººæ›´åº”è¯¥é—®è´£ï¼Œé—®è´£é›·å£°å¤§ä¹Ÿä¸ç­‰äºè¿½ç©¶åˆ‘è´£ï¼Œè°ˆä¸ä¸Šä»€ä¹ˆè¿«å®³ã€‚,['huaizhao'],[],[],0,0,1,,[],https://twitter.com/sliangq/status/1068518085525557253,,
1068517455364993027,1068517455364993027,1543589388000,2018-11-30,07:49:48,MST,4693203420,commoncin,LFCCinCommon,,è¢è…¾é£èŠåŸºå› ç¼–è¾‘å©´å„¿:æ³•å¾‹ä¼¦ç†å…¨ç„¶ä¸é¡¾  å‰æ²¿ç§‘æŠ€åº”æœ‰åº•çº¿  https://youtu.be/JSyDnB8_mlIÂ  ä¾†è‡ª @YouTube,['youtube'],['https://youtu.be/JSyDnB8_mlI'],[],0,0,0,,[],https://twitter.com/CommonCin/status/1068517455364993027,,
1068516830283673601,1068260369817309185,1543589239000,2018-11-30,07:47:19,MST,854707282239770628,guojiajiajia,BMZJ,,åŸºå› ç¼–è¾‘å“ªæœ‰é‚£æ ·çš„é­”åŠ›ï¼Œæƒ³å¤šäº†ï¼Œå“ˆå“ˆ,['tvoon1'],[],[],1,0,0,,[],https://twitter.com/guojiajiajia/status/1068516830283673601,,
1068516780052815873,1068516780052815873,1543589227000,2018-11-30,07:47:07,MST,45358339,boxun,åšè®¯æ–°é—»ç½‘,,è‘«èŠ¦è¯´äº‹ï¼šä¸­å›½æš‚åœåŸºå› ç¼–è¾‘å©´å„¿æ´»åŠ¨ ä¹ ç‰¹ä¼šåœ¨å³å´”å¤©å‡¯å¨èƒæŠ›å”®ç¾å€º,,[],[],0,1,0,,[],https://twitter.com/boxun/status/1068516780052815873,,
1068516316401692673,1068516316401692673,1543589116000,2018-11-30,07:45:16,MST,3075309993,bowenpress,åšé—»ç¤¾,,è‘«èŠ¦è¯´äº‹ï¼šä¸­å›½æš‚åœåŸºå› ç¼–è¾‘å©´å„¿æ´»åŠ¨ ä¹ ç‰¹ä¼šåœ¨å³å´”å¤©å‡¯å¨èƒæŠ›å”®ç¾å€º,,[],[],1,0,2,,[],https://twitter.com/bowenpress/status/1068516316401692673,,
1068515113894764547,1068515113894764547,1543588829000,2018-11-30,07:40:29,MST,1004753124240830464,talkativeli,talkativeli,,åŸºå› ç¼–è¾‘æ˜¯å•¥ï¼ŸCRISPR/cas9æŠ€æœ¯å¦‚ä½•ä¿®æ”¹DNAï¼Ÿææ°¸ä¹è€å¸ˆè®²åŸºå› å·¥ç¨‹ï¼ˆ1ï¼‰  https://youtu.be/o1MdiW5UZh0Â  via @YouTube,['youtube'],['https://youtu.be/o1MdiW5UZh0'],[],0,0,0,,[],https://twitter.com/talkativeli/status/1068515113894764547,,
1068513425024868353,1068513425024868353,1543588427000,2018-11-30,07:33:47,MST,498409102,boxunn,åšè®¯ç„¦ç‚¹,,æçŠçŠï¼šç¬¬ä¸€ä¾‹åŸºå› ç¼–è¾‘å©´å„¿è¯ç”Ÿåœ¨ä¸­å›½æ˜¯ä¸€ç§å¿…ç„¶ :  https://ift.tt/2rcymniÂ ,,['https://ift.tt/2rcymni'],[],0,0,0,,[],https://twitter.com/BoxunN/status/1068513425024868353,,
1068513077308547072,1068513077308547072,1543588344000,2018-11-30,07:32:24,MST,850364564747177985,studio_kenken,Ken,,æçŠçŠï¼šç¬¬ä¸€ä¾‹åŸºå› ç¼–è¾‘å©´å„¿è¯ç”Ÿåœ¨ä¸­å›½æ˜¯ä¸€ç§å¿…ç„¶  http://disq.us/t/391llsbÂ ,,['http://disq.us/t/391llsb'],[],1,0,0,,[],https://twitter.com/studio_kenken/status/1068513077308547072,,
1068512794239221770,1068493155601793024,1543588276000,2018-11-30,07:31:16,MST,267341814,jimmycmchang,James,,ä¸€ä¸ªè·å¾—äº†åŸºå› ç¼–è¾‘æ–¹æ³•æˆæƒçš„å°çŸ¥è¯†åˆ†å­ï¼Œçœ¼ç¥é‡Œæµéœ²å‡ºæ¥çš„ä¼¼ä¹æ˜¯æŒæ¡äº†è¿™ä¸ªä¸–ç•Œçš„å¥¥ç§˜ä»¥åçš„å¾—æ„ï¼ŒçœŸä¸çŸ¥è¿™æ ·çš„è ¢äººä¸­å›½è¿˜æœ‰å¤šå°‘,"['gugufan1', 'nengmei94296330']",[],[],0,1,9,,[],https://twitter.com/JimmyCMChang/status/1068512794239221770,,
1068512577506828288,1068512577506828288,1543588225000,2018-11-30,07:30:25,MST,885801131137318912,bombpupu,bombpupu,,å®éªŒå®¤æœ‰ä¸ªè›®å‰å®³çš„å¸ˆå¼Ÿï¼Œçˆ±ç§‘æŠ€è¿›æ­¥ï¼ŒåŒºå—é“¾ä¿¡å¾’ï¼Œæ”¯æŒåŸºå› ç¼–è¾‘ï¼Œæˆ‘è§‰å¾—è¿˜è›®çŸ›ç›¾çš„ã€‚ä½†æ˜¯çœ‹æ¥ä»–çœŸçš„å¾ˆæœ‰è‡ªåˆ¶åŠ›ï¼Œä¸æ€ä¹ˆä¸Šç¤¾äº¤ç½‘ç»œã€‚,,[],[],0,0,0,,[],https://twitter.com/bombpupu/status/1068512577506828288,,
1068510105124184064,1068260369817309185,1543587635000,2018-11-30,07:20:35,MST,854707282239770628,guojiajiajia,BMZJ,,ä½ æ‰€æœ‰çš„æ¨è®ºéƒ½æ˜¯å¯èƒ½ï¼Œæ²¡äººè¯å®è¿‡ï¼Œç”šè‡³åŠ¨ç‰©å®éªŒæ•°æ®éƒ½æ²¡æœ‰ï¼Œä½ æ€ä¹ˆæ•¢ä¿è¯ä¸€å®šæ²¡é—®é¢˜ï¼Ÿä¸€å®šæœ‰HIVå…ç–«æ•ˆæœï¼Ÿè¿™äº›çªå˜ä¸ä¼šå¸¦æ¥ä¸¥é‡åæœï¼Ÿä½ æ•¢ä¿è¯ï¼Ÿï¼Ÿå¦‚æœä¸æ•¢ä¿è¯ï¼Œä¸ºä»€ä¹ˆè¦åº”ç”¨ï¼Ÿäººä½“è¯•éªŒä¸æ˜¯è¿™ä¹ˆæçš„å¥½å§ã€‚ è¿™ç§åŸºå› ç¼–è¾‘æŠ€æœ¯çš„ç¨³å®šæ€§å’Œç‰¹æ„æ€§è¿˜å­˜åœ¨å¾ˆå¤§çš„é—®é¢˜ï¼Œè¶Šæ¥è¶Šå¤šçš„å‰¯ä½œç”¨æŠ¥é“å‡ºç°ï¼Œå¾ˆä¸æˆç†Ÿ,['real_zhaorong'],[],[],1,1,2,,[],https://twitter.com/guojiajiajia/status/1068510105124184064,,
1068508414584573952,1068303115793747969,1543587232000,2018-11-30,07:13:52,MST,146092588,godiva0909,æ°´æ»¸ä¼,,ç‚®åˆ¶å‡ºâ€œå°‘å¹´ç­â€çš„å¹´ä»£æ­£å¥½æ˜¯â€œå¤§å¸ˆâ€è¾ˆå‡ºï¼Œâ€œç‰¹å¼‚åŠŸèƒ½â€æ¨ªè¡Œçš„å¹´ä»£ã€‚é‚£ä¸ªé‚ªæ•™æ•™ä¸»é’±å­¦æ£®ä¸ç”˜å¯‚å¯ï¼Œåœ¨å®ƒæŒ‚åçš„åˆè‚¥ç§‘å¤§æäº†ä¸ªâ€œåŸºå› ç¼–è¾‘â€ç­ä¹Ÿä¸ç¨€å¥‡äº†ã€‚ç‹æ—å¤§å¸ˆå°±æ˜¯é‚£ä¸ªå¹´ä»£çš„äº§ç‰©ã€‚,['zhu0588'],[],[],0,0,0,,[],https://twitter.com/godiva0909/status/1068508414584573952,,
1068508121117581312,1068508121117581312,1543587162000,2018-11-30,07:12:42,MST,753445513291177984,yuhan171,é›¨æ¶µ,,"æˆ‘å¿½ç„¶æƒ³èµ·åˆ°åœ¨5å¹´å‰ä¸Šæ˜ çš„é‚£éƒ¨ç”µå½±ã€‚æ•…äº‹çš„ä¸»é¢˜æ˜¯""ä¸ä¹…çš„å°†æ¥""ã€‚è¿™ä¸ªä¸–ç•Œçš„DNAè°ƒæŸ¥ç³»ç»Ÿä¼¼ä¹å¥½åƒè¾¾åˆ°äº†å®Œç¾æ— ç¼ºçš„å¢ƒåœ°ã€‚åªè¦æŸ¥çœ‹å«Œç–‘äººçš„åŸºå› æƒ…æŠ¥å°±èƒ½çŸ¥é“ä»–çš„èº«ä½“ç‰¹å¾ã€‚ ä½†æ˜¯DNAè°ƒæŸ¥ç³»ç»Ÿå…¶ä¸­æœ‰éšè—çš„åŠŸèƒ½ã€‚ ä¸€æ˜¯ç›‘è§†ç³»ç»Ÿ, äºŒæ˜¯ç­›é€‰ç³»ç»Ÿã€‚ æˆ‘è§‰å¾—ç­›é€‰ç³»ç»Ÿç›¸å…³äºåŸºå› ç¼–è¾‘å©´å„¿çš„æ–°é—»ã€‚",,[],[],3,0,3,,[],https://twitter.com/yuhan171/status/1068508121117581312,,
1068506951766597632,1068260369817309185,1543586883000,2018-11-30,07:08:03,MST,856876996088877056,yuqiu5411,yuqiu,,ç›¸ä¿¡å¯¹åŠ¨ç‰©è‚¯å®šåšè¿‡å¾ˆå¤šäº†ï¼Œå½“ç„¶äººå’ŒåŠ¨ç‰©ä¸ä¼šç»å¯¹ç›¸åŒã€‚æ—¢ç„¶è°ä¹Ÿä¸çŸ¥é“ï¼Œé‚£ä¹ˆä½ è®¤ä¸ºå¦‚ä½•æ‰èƒ½çŸ¥é“å…¶åæœå‘¢ï¼Ÿä½ è¿™ä¸ªå¸Œæœ›æ²¡æœ‰æ„ä¹‰ï¼Œæ­£å¸¸èƒšèƒè°æ‹¿å»åŸºå› ç¼–è¾‘ï¼Ÿè‚¯å®šæ˜¯è®¤ä¸ºä¸å¥½ï¼Œæˆ–å¯èƒ½ä¸å¥½å•¦ã€‚åŒæ ·ï¼Œæ˜¯å¦æœ‰æ­£å¸¸äººè¦æ±‚å™¨å®˜ç§»æ¤çš„ï¼Ÿä¼°è®¡ä½ æ˜¯å†…è¡Œï¼Œè¦æ±‚ç‰¹é«˜ï¼Œç¬¬ä¸€ä¾‹è‚è„å™¨å®˜ç§»æ¤å­˜æ´»äº†å‡ å¤©ï¼Ÿè¯·å›ç­”ï¼Œè°¢è°¢ï¼,"['guojiajiajia', 'lizzie67400050', 'caojitw']",[],[],0,0,0,,[],https://twitter.com/yuqiu5411/status/1068506951766597632,,
1068504927096500225,1068417749909614592,1543586401000,2018-11-30,07:00:01,MST,620632841,nytchinese,çº½çº¦æ—¶æŠ¥ä¸­æ–‡ç½‘,,æ–¹å‡¤ç¾ï¼šä¸­å›½åœ¨å¤§å¤šæ•°æŠ€æœ¯æ–¹é¢éƒ½è¡¨ç°å‡ºè‰²ï¼Œä½†åœ¨åŸºå› ç¼–è¾‘å’Œâ€œè®¾è®¡å©´å„¿â€æ–¹é¢ï¼Œå®ƒå…·æœ‰é¢å¤–çš„ä¼˜åŠ¿ï¼šæ•´ä¸ªäººå£å·²ç»ä¹ æƒ¯äºå°†ç”Ÿæ®–æ“çºµä½œä¸ºè¿›æ­¥çš„å·¥å…·ã€‚å½“ç„¶ï¼Œæˆ‘æŒ‡çš„æ˜¯å®è¡Œäº†ä¸‰åå¹´çš„è®¡åˆ’ç”Ÿè‚²è§„åˆ™ï¼Œæ‰€è°“ç‹¬ç”Ÿå­å¥³æ”¿ç­–ã€‚ https://nyti.ms/2PbryzZÂ ,,['https://nyti.ms/2PbryzZ'],[],5,4,14,,[],https://twitter.com/nytchinese/status/1068504927096500225,,
1068503881800404993,1068503881800404993,1543586151000,2018-11-30,06:55:51,MST,708099578071900160,werhgfdfhgfgg1,wulian,,ä¸­å…±å®è¡Œçš„åŸºå› ç¼–è¾‘å·¥ç¨‹çš„æœ¬è´¨  http://www.bannedbook.org/forum21/topic7758.htmlÂ â€¦ä¸‰é€€ http://goo.gl/LDdvNhÂ  ç¿»å¢™ https://git.io/3tÂ  Shenyun 2017 https://youtu.be/I-qYPPOLUfcÂ ,,"['http://www.bannedbook.org/forum21/topic7758.html', 'http://goo.gl/LDdvNh', 'https://git.io/3t', 'https://youtu.be/I-qYPPOLUfc']",[],0,0,0,,[],https://twitter.com/werhgfdfhgfgg1/status/1068503881800404993,,
1068503880475049985,1068503880475049985,1543586151000,2018-11-30,06:55:51,MST,708099578071900160,werhgfdfhgfgg1,wulian,,åŸºå› ç¼–è¾‘å·¥ç¨‹çš„æœ¬è´¨  http://www.bannedbook.org/forum21/topic7757.htmlÂ â€¦ä¸‰é€€ http://goo.gl/LDdvNhÂ  ç¿»å¢™ https://git.io/3tÂ  Shenyun 2017  https://youtu.be/I-qYPPOLUfcÂ ,,"['http://www.bannedbook.org/forum21/topic7757.html', 'http://goo.gl/LDdvNh', 'https://git.io/3t', 'https://youtu.be/I-qYPPOLUfc']",[],0,0,0,,[],https://twitter.com/werhgfdfhgfgg1/status/1068503880475049985,,
1068503310242643968,1068503310242643968,1543586015000,2018-11-30,06:53:35,MST,968072589795979264,rj0x3krsw1zp9am,å­ºå­ç‰›2,,æ­¤æ¬¡è´ºçš„åŸºå› ç¼–è¾‘äº‹ä»¶çš„çˆ†å‘ï¼Œå…¶å®æ›´å‡†ç¡®çš„æè¿°åº”è¯¥æ˜¯æš´éœ²ï¼Œå› ä¸ºä¸€åˆ‡æœ‰æ¡ä¸ç´Šåœ°ç”±æ¥å·²ä¹…ï¼Œä¸”å¤§å¹²å¿«ä¸Šåœ°äº§ä¸šåŒ–ï¼Œç”šè‡³å¯èƒ½å·²å½¢æˆå®Œæ•´çš„äº§ä¸šé“¾ã€‚ä¸–äººæ— æ³•æƒ³è±¡ï¼Œæ€æ ·çš„é‡å¿ƒå’Œè´ªå©ªæ‰è¶³äºè‚†æ— å¿Œæƒ®åˆ°ä¼šä¸ºé‚ªæ¶æ’ä¸Šç¿…è†€ï¼Ÿå¼¯é“è¶…è½¦ï¼Œç»ˆç©¶ä¼šæ˜¯åˆ€å°–ä¸Šçš„èˆè¹ˆï¼Œå¥½æ¢¦ä¸€åœºï¼  https://twitter.com/mingjingtv/status/1068458138779537410Â â€¦,,['https://twitter.com/mingjingtv/status/1068458138779537410'],[],2,3,9,,[],https://twitter.com/rj0X3KRsw1ZP9Am/status/1068503310242643968,,https://twitter.com/mingjingtv/status/1068458138779537410
1068500524528541697,1068500524528541697,1543585351000,2018-11-30,06:42:31,MST,3346139542,watsupasia,WatsupAsia,,Latest: Live: What are potential uses of genome editing in human embryos? åŸºå› ç¼–è¾‘åœ¨äººä½“èƒšèƒå’Œç”Ÿæ®–ç»†èƒä¸Šçš„å‰æ™¯  https://goo.gl/EzPUzKÂ ,,['https://goo.gl/EzPUzK'],[],0,0,0,,[],https://twitter.com/watsupasia/status/1068500524528541697,,
1068499139539820544,1068387398457782272,1543585021000,2018-11-30,06:37:01,MST,856876996088877056,yuqiu5411,yuqiu,,ä¹Ÿè®¸ä¸Šå¸å¯ä»¥æ•‘ã€‚å› ä¸ºå…³é”®æ˜¯åšè¿™ä¸ªåŸºå› ç¼–è¾‘ï¼Œå¦‚æœå°†æ¥ç§‘å­¦èƒ½å¤Ÿè¯æ˜æ˜¯å¯è¡Œçš„ï¼Œé‚£ä¹ˆä¼¦ç†é“å¾·ï¼Œæ³•å¾‹éƒ½åªèƒ½ä½å¤´äº†ï¼Œé“å¾·å›å­ä»¬ä¹Ÿå°±å¯ä»¥é—­å˜´äº†ã€‚,['caojitw'],[],[],1,0,0,,[],https://twitter.com/yuqiu5411/status/1068499139539820544,,
1068498630276014081,1068498630276014081,1543584899000,2018-11-30,06:34:59,MST,1040628171056533504,chuling22361054,chuling,,åŸºå› ç¼–è¾‘å¯èƒ½æ¯ç­äººç±»ï¼Ÿ  https://youtu.be/t1zJZZD0FDMÂ  via @YouTube,['youtube'],['https://youtu.be/t1zJZZD0FDM'],[],0,0,0,,[],https://twitter.com/chuling22361054/status/1068498630276014081,,
1068497987888791552,1068497987888791552,1543584746000,2018-11-30,06:32:26,MST,2835473672,cn0xroot,HackSmith,,åŸºå› ç¼–è¾‘æ˜¯å•¥ï¼ŸCRISPR/cas9æŠ€æœ¯å¦‚ä½•ä¿®æ”¹DNAï¼Ÿ https://youtu.be/o1MdiW5UZh0Â ,,['https://youtu.be/o1MdiW5UZh0'],[],1,0,0,,[],https://twitter.com/cn0Xroot/status/1068497987888791552,,
1068496904386838528,1068496904386838528,1543584488000,2018-11-30,06:28:08,MST,1017652937122693122,liying93125547,liying,,åŸºå› ç¼–è¾‘å©´å„¿è¯ç”Ÿä¸ºä»€ä¹ˆå¼•å‘å¦‚æ­¤å¤§çš„åå¯¹å’Œè´¨ç–‘ï¼Ÿ  https://mp.weixin.qq.com/s/r2VM6Td9fZyfRvKpeXEGXgÂ â€¦,,['https://mp.weixin.qq.com/s/r2VM6Td9fZyfRvKpeXEGXg'],[],0,0,0,,[],https://twitter.com/liying93125547/status/1068496904386838528,,
1068496116377944064,1068496116377944064,1543584300000,2018-11-30,06:25:00,MST,4113647331,supchinanews,SupChina,,"Now in the SupChina SHOP:   This ""åŸºå› ç¼–è¾‘å©´å„¿ GENE EDITED BABY"" bib   https://www.supchinashop.com/collections/supchina-gear/products/%E5%9F%BA%E5%9B%A0%E7%BC%96%E8%BE%91%E5%A9%B4%E5%84%BF-gene-edited-baby-bibÂ â€¦ pic.twitter.com/PfnAzfPdov",,['https://www.supchinashop.com/collections/supchina-gear/products/%E5%9F%BA%E5%9B%A0%E7%BC%96%E8%BE%91%E5%A9%B4%E5%84%BF-gene-edited-baby-bib'],['https://pbs.twimg.com/media/DtPYTh9U8AAeRv4.jpg'],0,0,0,,[],https://twitter.com/supchinanews/status/1068496116377944064,,
1068494626586210304,1068494626586210304,1543583945000,2018-11-30,06:19:05,MST,2707580155,kejinews,ç§‘æŠ€æ–°èç¶²,,æ—¥æœ¬åŒ»å¸ˆä¼šç­‰å‘è¡¨å£°æ˜è°´è´£åŸºå› ç¼–è¾‘â€œè½»è§†ç”Ÿå‘½â€  http://dlvr.it/QsTr8jÂ ,,['http://dlvr.it/QsTr8j'],[],0,0,0,,[],https://twitter.com/KeJiNews/status/1068494626586210304,,
1068494537444622339,1068492838134935552,1543583924000,2018-11-30,06:18:44,MST,121033574,niuyao,niuyao,,æŒºä¸é”™çš„å‘€ï¼Œå°¤å…¶å…³äºé‚£åŸºå› ç¼–è¾‘çš„,['geminimalism'],[],[],1,0,0,,[],https://twitter.com/niuyao/status/1068494537444622339,,
1068494077539377152,1068494077539377152,1543583814000,2018-11-30,06:16:54,MST,807310787907874817,adjcgrubne,å± é¾å®¢æ£§,,ä¸­å›½ç™¾ä½™ç§‘å­¦å®¶å¼ºçƒˆè°´è´£â€œåŸºå› ç¼–è¾‘å©´å„¿â€ï¼šæ­¤é¡¹æŠ€æœ¯æ—©å°±æœ‰ï¼Œæ— ä»»ä½•åˆ›æ–°ï¼Œå…¨çƒçš„ç”Ÿç‰©åŒ»å­¦ç§‘å­¦å®¶ä»¬ä¸å»åšä¸æ•¢åšï¼Œå› ä¸ºè„±é¶çš„ä¸ç¡®å®šæ€§ã€å·¨å¤§é£é™©å’Œä¼¦ç†çº¦æŸã€‚é¸¡å›½â€œé¢†å…ˆä¸–ç•Œâ€çš„æ‹›æ•°ï¼šä¸€é å·ã€äºŒé æŠ¢ï¼Œä¸‰é çªç ´åº•çº¿ä¸§å¤©è‰¯ã€‚,,[],[],1,1,2,,[],https://twitter.com/Adjcgrubne/status/1068494077539377152,,
1068491772165148672,1067913199444471809,1543583264000,2018-11-30,06:07:44,MST,856876996088877056,yuqiu5411,yuqiu,,3. æš—çš„æ— æ³•é˜²ï¼Œå¤±æ§å’Œé£é™©å°±å‡ºåœ¨æš—çš„ã€‚äººä¸èƒ½åšï¼ŒåšçŒªï¼Œåšç‰›å°±æ²¡æœ‰é—®é¢˜äº†å—ï¼ŸåŸºå› ç¼–è¾‘ï¼Œæä¸ªç˜ŸçŒªç˜Ÿç‰›ä¼ æŸ“ç—…ï¼Œå…¨ä¸–ç•Œä¼ ã€‚æ‰€ä»¥äººç±»åœ¨è‡ªæ¬ºæ¬ºäººï¼Œç¦æ­¢åªèƒ½ç¦äº†å›å­ã€‚ç§‘å­¦å’ŒæŠ€æœ¯çš„é—®é¢˜æœ€åä¹Ÿå¿…é¡»ç”¨ç§‘å­¦å’ŒæŠ€æœ¯çš„æ–¹æ³•è§£å†³æ‰æ˜¯æ­£é“ï¼å†µä¸”ï¼ŒåŸºå› ç¼–è¾‘ä¸ºäººç±»æ”»å…‹ç™Œç—‡å’Œå»¶é•¿äººç±»ç”Ÿå‘½æä¾›äº†ä¸€ç§å¯è¡Œçš„æ–¹æ³•ã€‚,['japanaqige'],[],[],0,0,0,,[],https://twitter.com/yuqiu5411/status/1068491772165148672,,
1068491623867179010,1068491623867179010,1543583229000,2018-11-30,06:07:09,MST,957890037596741632,rmliang1,RMliang,,ã€Šå»ºæ°‘è®ºæ¨å¢™406ã€‹éæ´²å¤–äº¤å¸¦æ¥é‡å¤§è‰¾æ»‹ç—…éšæ‚£ï¼ŒåŸºå› ç¼–è¾‘å‰‘æŒ‡è‰¾æ»‹ç—…ã€‚  https://youtu.be/uc_QKlfJziYÂ  æ¥è‡ª @YouTube,['youtube'],['https://youtu.be/uc_QKlfJziY'],[],0,0,0,,[],https://twitter.com/RMliang1/status/1068491623867179010,,
1068490761484693504,1068369028723474432,1543583023000,2018-11-30,06:03:43,MST,993044462254178305,zidanfei2018,zidanfeiï¼ˆæˆ‘ä»¬éƒ½æ˜¯æˆ˜å‹ï¼Œä¸æ˜¯ä»€ä¹ˆç²‰ï¼‰,,åŠæ—¶åˆ‡å‰²æ˜¯ä¸­å…±æƒ¯ç”¨çš„ä¼ä¿©ï¼åœ¨å…¨çƒåå¯¹ä¹‹å‰ï¼Œä¸­å…±å®˜åª’çš„å®£ä¼ æ˜¯ï¼Œå‰å®³äº†åŸºå› ç¼–è¾‘ï¼Œé­åˆ°å¼ºçƒˆæŠµåˆ¶ä¹‹åå°±å˜æˆä¸€äººçš„é”™äº†ï¼è¿™ä¸ªé¡¹ç›®æ²¡æœ‰ç»è¿‡ä¸Šå±‚çš„å®¡æ‰¹æ”¯æŒè°ä¿¡å•Šï¼,['nytchinese'],[],[],0,0,0,,[],https://twitter.com/zidanfei2018/status/1068490761484693504,,
1068489414886608896,1067913199444471809,1543582702000,2018-11-30,05:58:22,MST,856876996088877056,yuqiu5411,yuqiu,,1.åŸºå› ç¼–è¾‘ç”¨äºèƒšèƒç¾å›½å’Œä¸€äº›å›½å®¶ä¹Ÿæ˜¯å…è®¸çš„ï¼Œåªæ˜¯ç¾å›½æœ‰è§„å®šä¸èƒ½ç”¨äºæ€€å­•ç”Ÿå°å­©ï¼Œç¾å›½ä¹Ÿåšçš„ï¼Œåšäº†ä»¥åå°±æ€æ­»ã€‚è¿™ä¸ä¹Ÿæ˜¯è¿åè®ºç†çš„ã€‚å…³é”®æ˜¯åšäº†ä»¥åï¼Œå‡ºç”Ÿçš„å­©å­æ˜¯å¦ä¼šå‡ºæ„æƒ³ä¸åˆ°çš„é—®é¢˜ï¼Ÿæ‰€ä»¥ï¼Œä¸»è¦è¿˜ä¸æ˜¯ä¼¦ç†é“å¾·çš„é—®é¢˜ã€‚æ˜¯é£é™©é—®é¢˜ï¼,['japanaqige'],[],[],2,0,0,,[],https://twitter.com/yuqiu5411/status/1068489414886608896,,
1068486625464700928,1068369028723474432,1543582037000,2018-11-30,05:47:17,MST,729630398183936001,15067150urmate,èŸ²èƒ–,,ä»–è‡ªå·±å¦‚æœä¸åœ¨YouTubeä¸Šç‚«è€€å¯èƒ½å°±æ°¸è¿œä¹Ÿæ²¡äººçŸ¥é“äº†ã€‚å¯æ€•çš„æ˜¯ä¸çŸ¥ä»–ä¸€å…±åšäº†å¤šå°‘ä¾‹ï¼Œä¸çŸ¥æœ‰å¤šå°‘åŸºå› ç¼–è¾‘è¿‡çš„å©´å„¿å·²ç»å‡ºç”Ÿï¼Œé™¤äº†ä»–ï¼Œå…¶ä»–ç§‘å­¦å®¶æœ‰æ²¡æœ‰ç§ä¸‹åšçš„è½¬åŸºå› å©´å„¿å‡ºç”Ÿï¼Œæœ‰å¤šå°‘ã€‚,['nytchinese'],[],[],0,0,0,,[],https://twitter.com/15067150Urmate/status/1068486625464700928,,
1068486218260844545,1068431413056221185,1543581940000,2018-11-30,05:45:40,MST,953178040305180672,zhaozicheng1,zhaozicheng,,è¿™ç§é˜´è°‹è®ºå¤ªæ— èŠï¼Œé¦–å…ˆï¼Œå¦‚æœæ˜¯ç§˜å¯†ä¸‹ä»¤ï¼Œå°±ä¸ä¼šå…¬å¼€æŠ¥é“ï¼Œå¼„å¾—æ»¡åŸé£é›¨ã€‚å…¶æ¬¡ï¼Œæ­¤ç§å®éªŒæœ¬èº«é£é™©æå¤§ï¼Œä¸å¯é¢„çŸ¥ï¼Œèƒ½ä»åŸºå› ç¼–è¾‘å±‚é¢åŸ¹å…»æœ‰åˆ©ä¸­å…±ç»Ÿæ²»çš„äººç§é€»è¾‘ä¸Šï¼Œäº‹å®ä¸Šéƒ½ä¸å¯èƒ½ï¼Œèƒ½ä¸‹è¾¾è¿™ç§ä»»åŠ¡ä¸æ˜¯å¤©æ–¹å¤œè°­å—ï¼Ÿ,"['gaoyu200812', 'liu_chengyin']",[],[],1,0,0,,[],https://twitter.com/zhaozicheng1/status/1068486218260844545,,
1068482501465657345,1068482501465657345,1543581054000,2018-11-30,05:30:54,MST,956173548929732608,wallstormt,StormTweet,,ç§‘æŠ€éƒ¨å‘½ä»¤æš‚åœè´ºå»ºå¥ç­‰äººçš„ç§‘ç ”æ´»åŠ¨:æ–°é—»è”æ’­æŠ¥é“äº†åŸºå› ç¼–è¾‘å©´å„¿ï¼Œå›½å®¶å«ç”Ÿå¥åº·å§”å‘˜ä¼šã€ç§‘å­¦æŠ€æœ¯éƒ¨ã€ä¸­å›½ç§‘å­¦æŠ€æœ¯åä¼šç­‰ä¸‰éƒ¨é—¨è´Ÿè´£äººè¡¨ç¤ºï¼šæ­¤æ¬¡äº‹ä»¶æ€§è´¨æå…¶æ¶åŠ£ï¼Œå·²è¦æ±‚æœ‰å…³å•ä½æš‚åœç›¸å…³äººå‘˜çš„ç§‘ç ”æ´»åŠ¨ï¼Œå¯¹è¿æ³•è¿è§„è¡Œä¸ºåšå†³äºˆä»¥æŸ¥å¤„ã€‚  https://www.solidot.org/story?sid=58775Â ,,['https://www.solidot.org/story?sid=58775'],[],0,0,0,,[],https://twitter.com/WallStormT/status/1068482501465657345,,
1068481973847379968,1068431413056221185,1543580928000,2018-11-30,05:28:48,MST,2313709884,mingmenwangzu,Mmenwangzu,,å°†ç‹¼ç‹—åŸºå› ç¼–è¾‘å…¥äººä½“ï¼Œæ°¸è¿œå¿ è¯šccp,['gaoyu200812'],[],[],0,0,3,,[],https://twitter.com/mingmenwangzu/status/1068481973847379968,,
1068481539091165186,1068481539091165186,1543580825000,2018-11-30,05:27:05,MST,335606210,bannedebook,ç¦é—»ç½‘,,è´ºå»ºå¥æ•¢äºâ€œåŸºå› ç¼–è¾‘å©´å„¿â€èƒŒåæ·±å±‚åŸå›   https://www.bannedbook.org/bnews/cbnews/20181130/1039779.htmlÂ â€¦ #ç¦é—» #ä¸­å›½ç¦é—» #ç¿»å¢™æ–°é—» #ç¦ç½‘æ–°é—»,,['https://www.bannedbook.org/bnews/cbnews/20181130/1039779.html'],[],0,0,0,,"['#ç¦é—»', '#ä¸­å›½ç¦é—»', '#ç¿»å¢™æ–°é—»', '#ç¦ç½‘æ–°é—»']",https://twitter.com/bannedebook/status/1068481539091165186,,
1068481478898737152,1068481478898737152,1543580810000,2018-11-30,05:26:50,MST,518403292,lishandeli,æå–„å¾·,,è´ºå»ºå¥æ•¢äºâ€œåŸºå› ç¼–è¾‘å©´å„¿â€èƒŒåæ·±å±‚åŸå›   https://wo3t.wordpress.com/2018/11/30/%e8%b4%ba%e5%bb%ba%e5%a5%8e%e6%95%a2%e4%ba%8e%e5%9f%ba%e5%9b%a0%e7%bc%96%e8%be%91%e5%a9%b4%e5%84%bf%e8%83%8c%e5%90%8e%e6%b7%b1%e5%b1%82%e5%8e%9f%e5%9b%a0/Â â€¦,,['https://wo3t.wordpress.com/2018/11/30/%e8%b4%ba%e5%bb%ba%e5%a5%8e%e6%95%a2%e4%ba%8e%e5%9f%ba%e5%9b%a0%e7%bc%96%e8%be%91%e5%a9%b4%e5%84%bf%e8%83%8c%e5%90%8e%e6%b7%b1%e5%b1%82%e5%8e%9f%e5%9b%a0/'],[],0,0,0,,[],https://twitter.com/lishandeli/status/1068481478898737152,,
1068481361034522626,1068481361034522626,1543580782000,2018-11-30,05:26:22,MST,703102952643297280,hgfdsdfggfd2,liuwei,,ä¸­å…±å®è¡Œçš„åŸºå› ç¼–è¾‘å·¥ç¨‹çš„æœ¬è´¨  http://www.bannedbook.org/forum21/topic7758.htmlÂ â€¦ä¸‰é€€ http://goo.gl/LDdvNhÂ ç¿»å¢™ https://git.io/3tÂ  2018ç¥éŸµ https://youtu.be/gKRyRe6EQ_4Â ,,"['http://www.bannedbook.org/forum21/topic7758.html', 'http://goo.gl/LDdvNh', 'https://git.io/3t', 'https://youtu.be/gKRyRe6EQ_4']",[],0,0,0,,[],https://twitter.com/hgfdsdfggfd2/status/1068481361034522626,,
1068481358509486080,1068481358509486080,1543580781000,2018-11-30,05:26:21,MST,703102952643297280,hgfdsdfggfd2,liuwei,,åŸºå› ç¼–è¾‘å·¥ç¨‹çš„æœ¬è´¨  http://www.bannedbook.org/forum21/topic7757.htmlÂ â€¦ä¸‰é€€ http://goo.gl/LDdvNhÂ ç¿»å¢™ https://git.io/3tÂ  2018ç¥éŸµ https://youtu.be/gKRyRe6EQ_4Â ,,"['http://www.bannedbook.org/forum21/topic7757.html', 'http://goo.gl/LDdvNh', 'https://git.io/3t', 'https://youtu.be/gKRyRe6EQ_4']",[],0,0,0,,[],https://twitter.com/hgfdsdfggfd2/status/1068481358509486080,,
1068480312945061890,1068480312945061890,1543580532000,2018-11-30,05:22:12,MST,4671176952,qqaa20469103,å”æƒ ï¼ˆTang hui),,ä¸­å…±å®è¡Œçš„åŸºå› ç¼–è¾‘å·¥ç¨‹çš„æœ¬è´¨  http://www.bannedbook.org/forum21/topic7758.htmlÂ â€¦é€€å‡ºå…±äº§å…š  http://goo.gl/j6YGv1Â  ç¿»å¢™ https://git.io/3tÂ  ç¥éŸµ Shenyun 2017 https://youtu.be/I-qYPPOLUfcÂ ,,"['http://www.bannedbook.org/forum21/topic7758.html', 'http://goo.gl/j6YGv1', 'https://git.io/3t', 'https://youtu.be/I-qYPPOLUfc']",[],0,0,0,,[],https://twitter.com/qqaa20469103/status/1068480312945061890,,
1068480311275790338,1068480311275790338,1543580532000,2018-11-30,05:22:12,MST,4671176952,qqaa20469103,å”æƒ ï¼ˆTang hui),,åŸºå› ç¼–è¾‘å·¥ç¨‹çš„æœ¬è´¨  http://www.bannedbook.org/forum21/topic7757.htmlÂ â€¦é€€å‡ºå…±äº§å…š  http://goo.gl/j6YGv1Â  ç¿»å¢™ https://git.io/3tÂ  ç¥éŸµ Shenyun 2017  https://youtu.be/I-qYPPOLUfcÂ ,,"['http://www.bannedbook.org/forum21/topic7757.html', 'http://goo.gl/j6YGv1', 'https://git.io/3t', 'https://youtu.be/I-qYPPOLUfc']",[],0,0,0,,[],https://twitter.com/qqaa20469103/status/1068480311275790338,,
1068480079360081920,1068480079360081920,1543580476000,2018-11-30,05:21:16,MST,3786898394,yangci009,æ…ˆå–„,,ä¸­å…±å®è¡Œçš„åŸºå› ç¼–è¾‘å·¥ç¨‹çš„æœ¬è´¨  http://www.bannedbook.org/forum21/topic7758.htmlÂ â€¦ é€€å‡ºå…±äº§å…šç½‘å€  http://tuidang.epochtimes.comÂ å¤§é™†ç¿»å¢™ç›´è¿ https://git.io/3tÂ ,,"['http://www.bannedbook.org/forum21/topic7758.html', 'http://tuidang.epochtimes.com', 'https://git.io/3t']",[],0,0,0,,[],https://twitter.com/yangci009/status/1068480079360081920,,
1068480077355237376,1068480077355237376,1543580476000,2018-11-30,05:21:16,MST,3786898394,yangci009,æ…ˆå–„,,åŸºå› ç¼–è¾‘å·¥ç¨‹çš„æœ¬è´¨  http://www.bannedbook.org/forum21/topic7757.htmlÂ â€¦ é€€å‡ºå…±äº§å…šç½‘å€  http://tuidang.epochtimes.comÂ å¤§é™†ç¿»å¢™ç›´è¿ https://git.io/3tÂ ,,"['http://www.bannedbook.org/forum21/topic7757.html', 'http://tuidang.epochtimes.com', 'https://git.io/3t']",[],0,0,0,,[],https://twitter.com/yangci009/status/1068480077355237376,,
1068479890079518720,1068479890079518720,1543580431000,2018-11-30,05:20:31,MST,4652386348,liwang18300594,liwang,,ä¸­å…±å®è¡Œçš„åŸºå› ç¼–è¾‘å·¥ç¨‹çš„æœ¬è´¨  http://www.bannedbook.org/forum21/topic7758.htmlÂ â€¦é€€å‡ºå…±äº§å…š  http://goo.gl/j6YGv1Â  ç¿»å¢™ https://git.io/3tÂ  2018ç¥éŸµ https://youtu.be/gKRyRe6EQ_4Â ,,"['http://www.bannedbook.org/forum21/topic7758.html', 'http://goo.gl/j6YGv1', 'https://git.io/3t', 'https://youtu.be/gKRyRe6EQ_4']",[],0,0,0,,[],https://twitter.com/liwang18300594/status/1068479890079518720,,
1068479888162807808,1068479888162807808,1543580431000,2018-11-30,05:20:31,MST,4652386348,liwang18300594,liwang,,åŸºå› ç¼–è¾‘å·¥ç¨‹çš„æœ¬è´¨  http://www.bannedbook.org/forum21/topic7757.htmlÂ â€¦é€€å‡ºå…±äº§å…š  http://goo.gl/j6YGv1Â  ç¿»å¢™ https://git.io/3tÂ  2018ç¥éŸµ  https://youtu.be/gKRyRe6EQ_4Â ,,"['http://www.bannedbook.org/forum21/topic7757.html', 'http://goo.gl/j6YGv1', 'https://git.io/3t', 'https://youtu.be/gKRyRe6EQ_4']",[],0,0,0,,[],https://twitter.com/liwang18300594/status/1068479888162807808,,
1068479828674965505,1068479828674965505,1543580417000,2018-11-30,05:20:17,MST,708911640834498560,gggfhhfgfgf,lidehui,,ä¸­å…±å®è¡Œçš„åŸºå› ç¼–è¾‘å·¥ç¨‹çš„æœ¬è´¨  http://www.bannedbook.org/forum21/topic7758.htmlÂ â€¦ä¸‰é€€ http://goo.gl/LDdvNhÂ  ç¿»å¢™ https://git.io/3tÂ  2018ç¥éŸµ https://youtu.be/gKRyRe6EQ_4Â ,,"['http://www.bannedbook.org/forum21/topic7758.html', 'http://goo.gl/LDdvNh', 'https://git.io/3t', 'https://youtu.be/gKRyRe6EQ_4']",[],0,0,1,,[],https://twitter.com/gggfhhfgfgf/status/1068479828674965505,,
1068479826925969410,1068479826925969410,1543580416000,2018-11-30,05:20:16,MST,708911640834498560,gggfhhfgfgf,lidehui,,åŸºå› ç¼–è¾‘å·¥ç¨‹çš„æœ¬è´¨  http://www.bannedbook.org/forum21/topic7757.htmlÂ â€¦ä¸‰é€€ http://goo.gl/LDdvNhÂ  ç¿»å¢™ https://git.io/3tÂ  2018ç¥éŸµ  https://youtu.be/gKRyRe6EQ_4Â ,,"['http://www.bannedbook.org/forum21/topic7757.html', 'http://goo.gl/LDdvNh', 'https://git.io/3t', 'https://youtu.be/gKRyRe6EQ_4']",[],0,0,1,,[],https://twitter.com/gggfhhfgfgf/status/1068479826925969410,,
1068477949651804161,1068431413056221185,1543579969000,2018-11-30,05:12:49,MST,493043450,weour1,freebird,,è¿™ä¸ªå¾ˆå¯èƒ½å°±æ˜¯ä¸ªåŸºå› ç¼–è¾‘å©´å„¿ï¼Œä½“å†…è¢«æ¤å…¥äº†â€œå¿ äºGCDâ€çš„åŸºå› ï¼Œç”Ÿä¸‹æ¥å°±æ˜¯ä¸ªSBï¼Œå¤©ç„¶å¿ äºå…šï¼Œçœå»äº†åæœŸæ´—è„‘å·¥ä½œï¼Œæ´—è„‘å…¶å®æ˜¯ä¸ªå¾ˆéº»çƒ¦çš„äº‹ï¼Œåˆè´¹é©¬è¾¾åˆè´¹ç”µï¼Œæ•ˆæœè¿˜ä¸ä¸€å®šå¥½ï¼Œä½¿ç”¨åŸºå› ç¼–è¾‘æŠ€æœ¯å°±çœäº‹å¤šäº†ï¼ŒçœŸæ­£åšåˆ°äº†â€œå¤šå¿«å¥½çœâ€ï¼Œå³å°†å…¨å›½å®è¡Œã€‚  pic.twitter.com/SfP1O5Ri9q,['gaoyu200812'],[],['https://pbs.twimg.com/media/DtP9fGmU0AENr_q.jpg'],2,1,4,,[],https://twitter.com/weour1/status/1068477949651804161,,
1068476670204669953,1068455218147287041,1543579664000,2018-11-30,05:07:44,MST,982400638574366721,ys10760951,YS,,è´ºå£°ç§°é€šè¿‡å•ç»†èƒåŸºå› ç»„æµ‹åºè¯æ˜æ²¡å‘ç°æœ‰è„±é¶é€ æˆçš„å…¶å®ƒä½ç‚¹æ”¹å˜ï¼Œä½†ç›®å‰å•ç»†èƒåŸºå› ç»„æµ‹åºæŠ€æœ¯å¹¶ä¸æˆç†Ÿï¼Œä¸èƒ½ä¿è¯å…¨åŸºå› ç»„éƒ½è¢«æµ‹åºã€‚å¦å¤–åŒæ—¶ä¹Ÿå¾—å¯¹çˆ¶æ¯åŸºå› ç»„è¿›è¡Œæµ‹åºï¼Œä½œä¸ºå‚ç…§ï¼Œä¸çŸ¥ä»–åšäº†æ²¡æœ‰ã€‚ æœ¬äººè¿‘æœŸä¸€ä¸ªå°é¼ åŸºå› ç¼–è¾‘å®éªŒç»“æœï¼Œç”Ÿå‡ºä¸ƒä¸ªå°é¼ ä¸­å…­ä¸ªä¸ºåµŒåˆä½“ã€‚,['fangshimin'],[],[],0,0,1,,[],https://twitter.com/YS10760951/status/1068476670204669953,,
1068475622576406528,1032566022316802048,1543579414000,2018-11-30,05:03:34,MST,856876996088877056,yuqiu5411,yuqiu,,åˆ˜å…ˆç”Ÿä¹Ÿæ˜¯ç§‘ç­å‡ºç”Ÿçš„ï¼Œç›®å‰åŸºå› ç¼–è¾‘åªæ˜¯å¯¹èƒšèƒåŸºå› åšä¸€ç‚¹å¾®å°çš„ä¿®æ”¹ï¼Œæ•ˆæœè¿˜æœ‰å¾…è§‚å¯Ÿï¼Œèƒ½å¤Ÿåšçš„è¿˜å¾ˆå°‘ï¼ŒåŸºå› ç¼–è¾‘å’Œè½¬åŸºå› ä¹Ÿä¸æ˜¯ä¸€å›äº‹ã€‚åŸºå› ç¼–è¾‘äº§ç”Ÿå‡ºç‰¹æ®Šçš„äººç§ï¼Œç›®å‰è¿˜å¤„äºç§‘å­¦å‡è±¡é˜¶æ®µï¼Œèƒ½ä¸èƒ½ï¼Œèƒ½å¤šå°‘è¿˜æ˜¯ä¸ªé—®é¢˜ï¼Œéš¾é“ä¸­å›½å†›é˜Ÿçš„é‚£äº›è´ªæ±¡ç‹‚çš„Â·ç§‘å­¦ç´ å…»å’Œè¿œè§å·²ç»è¶…è¶Šäº†ç”Ÿç‰©å­¦å®¶ï¼Ÿ,"['liugang8964', 'luo_yu_feng', '_onono_imoko_', 'newqiyu', 'feicongyu', 'lihongkuan', 'zhongshuai3333', 's2xnbdxwyu9uvmz', 'lu_dong1955', '38323rocky', 'mcdulllllllll', 'fight4freedom64', 'xiangbala33', 'yinke_usa', 'xiaopingtou', 'rdt4rvqcldlel8s', 'chan01289817', 'lingshuang', 'zhoubeifang', 'huanghebian', 'yw780806', 'wei_jingsheng', 'ilovegodandyou7', '7k_qys', 'john17churchill', 'y4oxd', 'wanli198964', 'lydiazhj', 'xiaoyan2k', 'thomasgguo', 'guxiaojun812', 'iiiddd345', 'sihoen3', 'dongline', 'ryxc1128', 'jcweb11', 'ding_gang', 'zhaoyan818', 'oos_wenyan', 'yeningusa', 'sinofreedom', 'gao_han', 'huping1', 'chenguangcheng', 'sliangq', 'wuzuolai', '65764721cbsy49', 'zhanglifan', 'baiqiaoch', 'pekingmike']",[],[],0,0,0,,[],https://twitter.com/yuqiu5411/status/1068475622576406528,,
1068474731001593856,1068369028723474432,1543579201000,2018-11-30,05:00:01,MST,620632841,nytchinese,çº½çº¦æ—¶æŠ¥ä¸­æ–‡ç½‘,,ä¸­å›½ç§‘æŠ€éƒ¨å‰¯éƒ¨é•¿å¾å—å¹³æ—©äº›æ—¶å€™æ›¾è¡¨ç¤ºï¼Œä¸­å›½ç›‘ç®¡éƒ¨é—¨åœ¨2003å¹´é¢å¸ƒçš„æ³•è§„å…è®¸å¯¹èƒšèƒè¿›è¡ŒåŸºå› ç¼–è¾‘å®éªŒï¼Œä½†å‰ææ˜¯è¿™äº›èƒšèƒçš„å­˜æ´»æ—¶é—´ä¸è¶…è¿‡14å¤©ã€‚ https://nyti.ms/2PaTaW7Â ,,['https://nyti.ms/2PaTaW7'],[],8,6,6,,[],https://twitter.com/nytchinese/status/1068474731001593856,,
1068474401044160512,1068474401044160512,1543579123000,2018-11-30,04:58:43,MST,116128726,aboluowang,é˜¿æ³¢ç½—ç½‘å”¯ä¸€å®˜æ–¹æ¨å·,,åŸºå› ç¼–è¾‘å©´å„¿â€œéäººéé©¬ éç‰›éçŒªâ€ è´ºå»ºå¥è‡ªè±ªèƒŒåæ·±å±‚åŸå›  (å›¾):â€¦  http://dlvr.it/QsTXSGÂ ,,['http://dlvr.it/QsTXSG'],[],0,0,1,,[],https://twitter.com/aboluowang/status/1068474401044160512,,
1068474059682447360,1068455218147287041,1543579041000,2018-11-30,04:57:21,MST,982400638574366721,ys10760951,YS,,åµŒåˆä½“é—®é¢˜å¾ˆå¤§å¯èƒ½å‘ç”Ÿã€‚è´ºå£°ç§°å•ç»†èƒåŸºå› ç»„æµ‹åºï¼Œåº”è¯¥æ˜¯ä»æ¡‘è‘šèƒšé˜¶æ®µå–å‡ºä¸€ä¸ªç»†èƒæ¥æµ‹åºã€‚è¿™æ—¶å€™èƒšèƒè‡³å°‘æœ‰8ä¸ªç»†èƒæˆ–æ›´å¤šã€‚å¦‚æœåŸºå› ç¼–è¾‘å‘ç”Ÿåœ¨å—ç²¾åµåˆ†è£‚åï¼Œå–å‡ºçš„ä¸€ä¸ªç»†èƒï¼Œå…¶åŸºå› ç»„å‹åªèƒ½ä»£è¡¨ä¸€ç¾¤ç»†èƒï¼Œè€Œä¸æ˜¯å…¨éƒ¨ã€‚è¿™ä¸€ç‚¹ä¸å…¶ä»–çš„é’ˆå¯¹ç–¾ç—…çš„èƒšèƒç§æ¤å‰è¯Šæ–­ä¸åŒï¼Œåè€…å¯ä¸è€ƒè™‘èƒšèƒä¸ºåµŒåˆä½“ã€‚,['fangshimin'],[],[],0,0,0,,[],https://twitter.com/YS10760951/status/1068474059682447360,,
1068467165982941184,1068435113984196609,1543577398000,2018-11-30,04:29:58,MST,858606866754027522,songfei2017,Song Fei,,é«˜å°æ¸…ååšå£«å¼„å·§æˆæ‹™éœ²åäººç±»ç ç‰™ï¼Œè´ºæå°†è¢«è‡ªæ€ã€‚ä¸ºåŠ æŒè¡€è‰²æ”¿æƒï¼Œä¹ å¯†ä»¤é€‰å‡ºæ”¿æ²»ä¸Šå¯é çš„é’å¹´ç§‘å­¦å…ˆé”‹ï¼Œæ¯ä¸ªè‡³å°‘ä¸Šäº¿ç»è´¹ã€‚åˆ©ç”¨è¥¿æ–¹æœ‰ç§‘å­¦ä¼¦ç†å¼¯é“è¶…è½¦ï¼Œåœ¨çŒªå›½åšå‡ºè½°åŠ¨æˆæœï¼ŒéŸ©æ˜¥é›¨è´ºå»ºå¥éƒ½æ˜¯ã€‚ä»ŠæŠ›å‡ºåŸºå› ç¼–è¾‘å©´å„¿ï¼Œæœ¬æƒ³åœ¨G20æ‰¬çœ‰åæ°”å›å‡»è¥¿æ–¹å¯¹ç›—çªƒçŸ¥è¯†äº§æƒçš„æŒ‡æ§ã€‚æ²¡æƒ³åäººç±»è®¡åˆ’è´¥éœ²è´ºæè¢«ç­å£  pic.twitter.com/9QWqoyIBax,,[],"['https://pbs.twimg.com/media/DtP1NwxVYAENiOv.jpg', 'https://pbs.twimg.com/media/DtP1Nw4U0AEso-_.jpg', 'https://pbs.twimg.com/media/DtP1NwzU0AEooV6.jpg', 'https://pbs.twimg.com/media/DtP1Nw0VYAAKyMW.jpg']",0,0,2,,[],https://twitter.com/SongFei2017/status/1068467165982941184,,
1068466853876391936,1068466853876391936,1543577323000,2018-11-30,04:28:43,MST,753445513291177984,yuhan171,é›¨æ¶µ,,åŸºå› ç¼–è¾‘å©´å„¿æ‰“å¼€â€œæ½˜å¤šæ‹‰é­”ç›’â€  http://www.ftchinese.com/story/001080435?full=yÂ â€¦,,['http://www.ftchinese.com/story/001080435?full=y'],[],0,0,2,,[],https://twitter.com/yuhan171/status/1068466853876391936,,
1068466445057552385,1068464113267798016,1543577226000,2018-11-30,04:27:06,MST,858606866754027522,songfei2017,Song Fei,,é«˜å°æ¸…ååšå£«å¼„å·§æˆæ‹™éœ²åäººç±»ç ç‰™ï¼Œè´ºæå°†è¢«è‡ªæ€ã€‚ä¸ºåŠ æŒè¡€è‰²æ”¿æƒï¼Œä¹ å¯†ä»¤é€‰å‡ºæ”¿æ²»ä¸Šå¯é çš„é’å¹´ç§‘å­¦å…ˆé”‹ï¼Œæ¯ä¸ªè‡³å°‘ä¸Šäº¿ç»è´¹ã€‚åˆ©ç”¨è¥¿æ–¹æœ‰ç§‘å­¦ä¼¦ç†å¼¯é“è¶…è½¦ï¼Œåœ¨çŒªå›½åšå‡ºè½°åŠ¨æˆæœï¼ŒéŸ©æ˜¥é›¨è´ºå»ºå¥éƒ½æ˜¯ã€‚ä»ŠæŠ›å‡ºåŸºå› ç¼–è¾‘å©´å„¿ï¼Œæœ¬æƒ³åœ¨G20æ‰¬çœ‰åæ°”å›å‡»è¥¿æ–¹å¯¹ç›—çªƒçŸ¥è¯†äº§æƒçš„æŒ‡æ§ã€‚æ²¡æƒ³åäººç±»è®¡åˆ’è´¥éœ²è´ºæè¢«ç­å£  pic.twitter.com/JzVVQzHRw7,['4oonhmemttmukgp'],[],"['https://pbs.twimg.com/media/DtP0jyQU8AA53Fi.jpg', 'https://pbs.twimg.com/media/DtP0jyPU0AAgbcJ.jpg', 'https://pbs.twimg.com/media/DtP0jyTU4AAR5O5.jpg', 'https://pbs.twimg.com/media/DtP0jyQU8AEe9NQ.jpg']",0,0,1,,[],https://twitter.com/SongFei2017/status/1068466445057552385,,
1068466190383636480,1068466190383636480,1543577165000,2018-11-30,04:26:05,MST,1095418610,agniwithyou,Agni,,è¿™ä¸ªè¦å…ˆçŸ¥é“èŠ¯ç‰‡æ˜¯æ€ä¹ˆåšçš„ï¼Œç”¨ç”Ÿæ´»ä¸­å¸¸è§äº‹ç‰©åšæ¯”å–»å°±æ˜¯ï¼ŒèŠ¯ç‰‡ä¸æ˜¯åƒé›•åˆ»ç‰å™¨é‚£æ ·ç”¨åˆ€å­åˆ’ï¼Œè€Œæ˜¯åƒæ‰“å°æœºé‚£æ ·å°åœ¨ä¸Šé¢ï¼ˆå…¶å®æ˜¯è…èš€ï¼‰ï¼Œæ‰€ä»¥æ‰èƒ½åšåˆ°é‚£ä¹ˆå°ã€‚ åŸºå› ç¼–è¾‘åˆä¸ä¸€æ ·ï¼Œæ˜¯ç”¨ç‰¹å®šè›‹ç™½è´¨å»å‘ç”ŸåŒ–å­¦ååº”ï¼Œç±»ä¼¼äºå…¨å±€æŸ¥æ‰¾æ›¿æ¢ï¼Œä¸è¦æƒ³åƒæˆç”¨é•Šå­å¤¹ã€‚  https://twitter.com/zuola/status/1067255504957624320Â â€¦,,['https://twitter.com/zuola/status/1067255504957624320'],[],0,0,0,,[],https://twitter.com/Agniwithyou/status/1068466190383636480,,https://twitter.com/zuola/status/1067255504957624320
1068465144659755008,1068465144659755008,1543576916000,2018-11-30,04:21:56,MST,2266577731,quanqiulianbo,å…¨çƒè¯æ’­,,å¤§é™†å¤šä¸ªéƒ¨é—¨æ–¥åŸºå› ç¼–è¾‘å©´å„¿äº‹ä»¶ è´ºå»ºå¥è¢«å–æ¶ˆç§‘æŠ€å¥–å‚è¯„èµ„æ ¼  http://dlvr.it/QsTQMMÂ  pic.twitter.com/g8kTTR631r,,['http://dlvr.it/QsTQMM'],['https://pbs.twimg.com/media/DtPzYugUcAA4tCD.jpg'],1,0,0,,[],https://twitter.com/QuanqiuLianbo/status/1068465144659755008,,
1068465107330420736,1068465107330420736,1543576907000,2018-11-30,04:21:47,MST,858606866754027522,songfei2017,Song Fei,,é«˜å°æ¸…ååšå£«å¼„å·§æˆæ‹™éœ²åäººç±»ç ç‰™ï¼Œè´ºæå°†è¢«è‡ªæ€ã€‚ä¸ºåŠ æŒè¡€è‰²æ”¿æƒï¼Œä¹ å¯†ä»¤é€‰å‡ºæ”¿æ²»ä¸Šå¯é çš„é’å¹´ç§‘å­¦å…ˆé”‹ï¼Œæ¯ä¸ªè‡³å°‘ä¸Šäº¿ç»è´¹ã€‚åˆ©ç”¨è¥¿æ–¹æœ‰ç§‘å­¦ä¼¦ç†å¼¯é“è¶…è½¦ï¼Œåœ¨çŒªå›½åšå‡ºè½°åŠ¨æˆæœï¼ŒéŸ©æ˜¥é›¨è´ºå»ºå¥éƒ½æ˜¯ã€‚ä»ŠæŠ›å‡ºåŸºå› ç¼–è¾‘å©´å„¿ï¼Œæœ¬æƒ³åœ¨G20æ‰¬çœ‰åæ°”å›å‡»è¥¿æ–¹å¯¹ç›—çªƒçŸ¥è¯†äº§æƒçš„æŒ‡æ§ã€‚æ²¡æƒ³åäººç±»è®¡åˆ’è´¥éœ²è´ºæè¢«ç­å£  pic.twitter.com/tvHGpLSjjO,,[],"['https://pbs.twimg.com/media/DtPzV5IVAAEmEqi.jpg', 'https://pbs.twimg.com/media/DtPzV5FUcAUDL6c.jpg', 'https://pbs.twimg.com/media/DtPzV5IUwAI3uYw.jpg', 'https://pbs.twimg.com/media/DtPzV5MUUAA4t1A.jpg']",0,1,0,,[],https://twitter.com/SongFei2017/status/1068465107330420736,,
1068463382645415937,1068141263289872384,1543576496000,2018-11-30,04:14:56,MST,135834439,drplumberus,é‡‡èŠè¥¿ç¯±,,éŸ¿æ‡‰å…ƒé¦–è™Ÿå¬ï¼Œè´ºå¥å¥åŸºå› ç¼–è¾‘æœ‰äº†é‡å¤§çªç ´ï¼Œçªç ´äº†äººç±»çš„é“å¾·åº•çº¿ã€‚ç´…è‰²ç²¾å­ï¼Œç´…è‰²åŸºå›  é€ å°±ç´…è‰²è›†è™«ã€‚  pic.twitter.com/VZWpT3iHIN,['lifetimeuscn'],[],[],0,0,0,,[],https://twitter.com/DrPlumberUS/status/1068463382645415937,,
1068459434400260097,1068459434400260097,1543575554000,2018-11-30,03:59:14,MST,1433038244,wongkeeny,Keeny Wong(æ„æ— æ€ ),,å´”æ°¸å…ƒè¡¨ç¤ºï¼Œæœ€åå¿…é¡»è¦è¾Ÿä¸€ä¸ªè°£ï¼Œä¸ºäº†æ··æ·†è§†å¬ï¼Œè½¬åŸºå› è´©å­ä»¬å°±èƒ¡è¯´åŸºå› ç¼–è¾‘ä¸å¼•å…¥å¤–æºåŸºå› ï¼Œå’Œè½¬åŸºå› æ ¹æœ¬ä¸åŒã€‚å…¶å®ï¼ŒåŸºå› ç¼–è¾‘å°±æ˜¯è½¬åŸºå› çš„å‡çº§ç‰ˆï¼Œéƒ½æ˜¯åŸºå› æ”¹é€   http://news.dwnews.com/china/news/2018-11-26/60100943.htmlÂ â€¦,,['http://news.dwnews.com/china/news/2018-11-26/60100943.html'],[],0,0,2,,[],https://twitter.com/WONGKEENY/status/1068459434400260097,,
1068459420701515777,1068400080116342785,1543575551000,2018-11-30,03:59:11,MST,953182587274461185,charmlang,èµ„æ·±æ³¼å†·æ°´ç –å®¶,,"åŸºå› ç¼–è¾‘è®¾è®¡ä¼¦ç†å­¦ï¼Œåˆ¶åº¦å‘æ˜èƒ½è·Ÿä¼¦ç†æ‰¯ä¸Šå…³ç³»å—ï¼Ÿåˆ˜çš„æ°‘æ—å‘æ˜è®ºæˆ‘ä¹Ÿè§‰å¾—å¾ˆå‚»B,ä½†æ–°çš„å¤šå…ƒåˆ¶åº¦ä¸‹å®¹çº³ä»–çš„ä¸»ä¹‰ä¹Ÿæ˜¯å¿…è¦çš„ã€‚ç†è®ºä¸Šå°†ï¼Œåˆ¶åº¦è®¾è®¡çš„ç›®çš„åœ¨äºè¿½æ±‚æ¯”è¾ƒè‡ªç”±æ°‘ä¸»æ›´é«˜çº§çš„ç»„ç»‡æ–¹å¼ï¼Œç°æœ‰æ°‘ä¸»åˆ¶åº¦æ™®ä¸–ä»·å€¼æ˜¯å…¶ä¸­å­é›†ã€‚ä¸æ˜¯ä½ ä»¬æ‰€è®¤ä¸ºçš„ä½ å‘æ˜äº†ä¸»ä¹‰å°±ä¸€å®šéµç…§åŠï¼Œä¸éµå®ˆå°±å¾—æ­»ã€‚","['peter13690', 'pideqihuanpl']",[],[],1,0,0,,[],https://twitter.com/charmlang/status/1068459420701515777,,
1068459209744936960,1068459209744936960,1543575501000,2018-11-30,03:58:21,MST,1433038244,wongkeeny,Keeny Wong(æ„æ— æ€ ),,å´”æ°¸å…ƒè¡¨ç¤ºï¼Œè¿™æ¬¡åŸºå› ç¼–è¾‘è¡Œä¸ºè‰ºæœ¯ï¼Œè®©å¤§ä¼—çœ‹æ¸…æ¥šäº†åŸºå› ç¼–è¾‘çš„é£é™©ã€‚ä¸¤å§Šå¦¹ä¸­çš„ä¸€ä¸ªæ˜“æ„ŸåŸºå› è¢«å‰ªæ‰äº†ï¼Œå¦å¤–ä¸€ä¸ªè„±é¶äº†ï¼Œåªå‰ªäº†ä¸ªåŠæ‹‰å­å·¥ç¨‹ã€‚è„±é¶ï¼Œæ˜¯åŸºå› ç¼–è¾‘é¿å…ä¸äº†çš„é£é™©ï¼Œåªæ˜¯å¤šå°‘çš„é—®é¢˜ã€‚  http://news.dwnews.com/china/news/2018-11-26/60100943.htmlÂ â€¦,,['http://news.dwnews.com/china/news/2018-11-26/60100943.html'],[],0,1,0,,[],https://twitter.com/WONGKEENY/status/1068459209744936960,,
1068458525041590272,1068458525041590272,1543575338000,2018-11-30,03:55:38,MST,3241683191,edge_cn,EdgE,,#GeneEditing ç”Ÿå‘½ä¼¦ç†å­¦ä¸“å®¶ç¿Ÿæ™“æ¢…è°ˆâ€œåŸºå› ç¼–è¾‘å©´å„¿â€äº‹ä»¶ï¼šæå¤§çš„ä¸‘é—»ï¼Œæœ‰å›½å¤–å®éªŒå®¤ç§°ä¸å†æ‹›æ”¶ä¸­å›½è¯¥é¢†åŸŸå­¦ç”Ÿ-ç»æµè§‚å¯Ÿç½‘  http://m.eeo.com.cn/2018/1127/342069.shtml?from=singlemessage&isappinstalled=0Â â€¦ pic.twitter.com/O1kNlz9CRf,,['http://m.eeo.com.cn/2018/1127/342069.shtml?from=singlemessage&isappinstalled=0'],['https://pbs.twimg.com/media/DtPtW_mWkAA045z.jpg'],0,2,4,,['#geneediting'],https://twitter.com/edge_cn/status/1068458525041590272,,
1068450305170268160,1068152944426737666,1543573378000,2018-11-30,03:22:58,MST,856876996088877056,yuqiu5411,yuqiu,,4ï¼Œæš—çš„æ— æ³•é˜²ï¼Œå¤±æ§å°±å‡ºåœ¨æš—çš„ã€‚äººä¸èƒ½åšï¼ŒåšçŒªï¼Œåšç‰›å°±æ²¡æœ‰é—®é¢˜äº†å—ï¼ŸåŸºå› ç¼–è¾‘ï¼Œæä¸ªç˜ŸçŒªç˜Ÿç‰›ä¼ æŸ“ç—…ï¼Œå…¨ä¸–ç•Œä¼ ã€‚æ‰€ä»¥äººç±»åœ¨è‡ªæ¬ºæ¬ºäººï¼Œç¦æ­¢åªèƒ½ç¦äº†å›å­ã€‚ç§‘å­¦å’ŒæŠ€æœ¯çš„é—®é¢˜æœ€åä¹Ÿå¿…é¡»ç”¨ç§‘å­¦å’ŒæŠ€æœ¯çš„æ–¹æ³•è§£å†³æ‰æ˜¯æ­£é“ï¼å†µä¸”ï¼ŒåŸºå› ç¼–è¾‘ä¸ºäººç±»æ”»å…‹ç™Œç—‡å’Œå»¶é•¿äººç±»ç”Ÿå‘½æä¾›äº†ä¸€ç§å¯è¡Œçš„æ–¹æ³•ã€‚,"['voayuwen', 'voachinese']",[],[],0,0,0,,[],https://twitter.com/yuqiu5411/status/1068450305170268160,,
1068449828978323457,1068449828978323457,1543573264000,2018-11-30,03:21:04,MST,865753019102527488,jimytwit2,æ“æ­»ä¸­å…±äº”æ¯›,,"æ”¾ç€æƒ åŠç™¾å§“çš„æ²»ç™Œç§‘ç ”ä¸æ,å·å·æ‘¸æ‘¸ææ²»è‰¾æ»‹çš„åŸºå› ç¼–è¾‘,é™¤äº†å¾æ‰åšä¸éœ€è¦,è¿˜æœ‰æ›´å¤šçš„é«˜å®˜éœ€è¦! å½“å¹´ç§¦å§‹çš‡è‡´åŠ›äºé•¿ç”Ÿä¸è€è¯,å½“ä»Šçš„é¢†è¢–ä»¬ä¹Ÿä¸ä¼šé—²ç€.  https://twitter.com/gaoyu200812/status/1068431413056221185Â â€¦",,['https://twitter.com/gaoyu200812/status/1068431413056221185'],[],0,0,3,,[],https://twitter.com/Jimytwit2/status/1068449828978323457,,https://twitter.com/gaoyu200812/status/1068431413056221185
1068449729275551744,1068431413056221185,1543573240000,2018-11-30,03:20:40,MST,865753019102527488,jimytwit2,æ“æ­»ä¸­å…±äº”æ¯›,,"æ”¾ç€æƒ åŠç™¾å§“çš„æ²»ç™Œç§‘ç ”ä¸æ,å·å·æ‘¸æ‘¸ææ²»è‰¾æ»‹çš„åŸºå› ç¼–è¾‘,é™¤äº†å¾æ‰åšä¸éœ€è¦,è¿˜æœ‰æ›´å¤šçš„é«˜å®˜éœ€è¦! å½“å¹´ç§¦å§‹çš‡è‡´åŠ›äºé•¿ç”Ÿä¸è€è¯,å½“ä»Šçš„é¢†è¢–ä»¬ä¹Ÿä¸ä¼šé—²ç€.",['gaoyu200812'],[],[],0,2,9,,[],https://twitter.com/Jimytwit2/status/1068449729275551744,,
1068449577928257536,1068449577928257536,1543573204000,2018-11-30,03:20:04,MST,817348997522173952,kac_moody_algeb,å¹¶è¡Œå¹¶å­˜2,,å¤šç»´æŠ¥å¯¼ï¼šåŒ–åâ€œè‰ç¥­â€çš„åŸä¸Šæµ·æŸå¤§å­¦ç†å­¦æ•™æˆåœ¨æ¨ç‰¹ä¸ŠæŒ‡å‡ºï¼Œä¸­å…±ç§˜å¯†ä¸‹ä»¤è¿›è¡Œâ€œåŸºå› ç¼–è¾‘å©´å„¿â€å®éªŒï¼Œå°†è¿™é¡¹ä»»åŠ¡äº¤ç»™ä¸­å›½å—æ–¹ç§‘æŠ€å¤§å­¦ï¼Œå†ç”±å‰¯æ•™æˆè´ºå»ºå¥ä»˜è¯¸å®è·µã€‚ â€œè‰ç¥­â€æ·±å…¥è§£é‡Šï¼Œè¯¥å®éªŒåŠ¨è¾„ç ´äº¿å…ƒçš„ç ”ç©¶ç»è´¹ï¼Œå¹¶éåŒºåŒºä¸€ä¸ªå‰¯æ•™æˆèƒ½ç‹¬åŠ›äº‰å–ï¼Œä¸€å®šæœ‰ä¸­å›½ç§‘æŠ€éƒ¨æ’‘è…°ã€‚è´ºçš„è´£ä»»åœ¨äºä¸å°å¿ƒæ³„éœ²å›½å®¶æœºå¯†ã€‚  https://twitter.com/gaoyu200812/status/1068431413056221185Â â€¦,,['https://twitter.com/gaoyu200812/status/1068431413056221185'],[],1,0,0,,[],https://twitter.com/kac_moody_algeb/status/1068449577928257536,,https://twitter.com/gaoyu200812/status/1068431413056221185
1068447168527101952,1068152944426737666,1543572630000,2018-11-30,03:10:30,MST,856876996088877056,yuqiu5411,yuqiu,,3.å…³äºä¼¦ç†é“å¾·ï¼šåŸºå› ç¼–è¾‘èƒšèƒåœ¨ç¾å›½ä¹Ÿæ˜¯å…è®¸çš„ï¼Œä½†ä¸èƒ½ç”Ÿè‚²å‡ºå­©å­ã€‚é‚£ä¹ˆåšäº†ä»¥åå°±æ€æ­»èƒšèƒï¼Œå¯¹äºé“å¾·å›å­ï¼Œè¿™ä¹Ÿæ˜¯è¿åè®ºç†é“å¾·çš„ã€‚æ‰€ä»¥ï¼Œå…³é”®æ˜¯åšäº†ä»¥åä¼šä¸ä¼šå‡ºé—®é¢˜ã€‚é“å¾·åªèƒ½çº¦æŸå›å­ï¼Œå¯¹å°äººï¼Œéª—å­ï¼Œä¸­å—æµ·çš„æµæ°“æ ¹æœ¬æ²¡æœ‰ä½œç”¨ã€‚ä½ ä¸åšï¼Œåˆ«äººä¹Ÿä¼šå·å·åšï¼Œæ˜çš„å¯ä»¥é˜²ï¼Œå› ä¸ºä¹Ÿä½ çŸ¥é“åŸå› ï¼Œæœ‰é’ˆå¯¹æ€§ã€‚,"['voayuwen', 'voachinese']",[],[],1,0,0,,[],https://twitter.com/yuqiu5411/status/1068447168527101952,,
1068444863786475521,1068444863786475521,1543572080000,2018-11-30,03:01:20,MST,1061153821798191104,tangyongtao1,æ´»ç€,,ä¸­å…±ç”¨ç‰¹æœ‰çš„æ–¹å¼å¤„ç†â€œåŸºå› ç¼–è¾‘å©´å„¿â€ã€‚1ï¼‰11æœˆ26æ—¥ã€Šäººæ°‘æ—¥æŠ¥ã€‹â€œæŠ¥å–œâ€ï¼Œä¸–ç•Œä¸Šç¬¬ä¸€ä¸ªåŸºå› ç¼–è¾‘å©´å„¿åœ¨ä¸­å›½è¯ç”Ÿï¼Œå›½é™…èˆ†è®ºçº·çº·è°´è´£ã€‚2ï¼‰11æœˆ27æ—¥æ–°åç¤¾å…¬å¼€è´¨ç–‘ã€‚3ï¼‰11æœˆ28æ—¥è´ºå»ºå¥é¦™æ¸¯ç»§ç»­è‡ªå¹è‡ªæ“‚ï¼Œå¹¿ä¸œçœå®£ç§°å°†è°ƒæŸ¥ã€‚4ï¼‰11æœˆ29æ—¥ä¸­å…±ç§‘æŠ€éƒ¨ã€å«è®¡å§”ã€ç§‘åå®£å¸ƒè¯¥é¡¹ç›®è¿æ³•è¿è§„ã€‚ä¸­å…±åˆâ€œè‹±æ˜å†³ç­–â€ã€‚ æ‘˜  pic.twitter.com/vD3cDS98At,,[],['https://pbs.twimg.com/media/DtPg773UwAAVQOM.jpg'],0,0,1,,[],https://twitter.com/tangyongtao1/status/1068444863786475521,,
1068443525325381632,1068152944426737666,1543571761000,2018-11-30,02:56:01,MST,856876996088877056,yuqiu5411,yuqiu,,2. ä½†æ˜¯ï¼Œä¸­å…±æ˜¯â€œä¼Ÿå…‰æ­£â€ï¼Œå‡ºäº†äº‹ï¼Œæ€»æŠŠè´£ä»»æ¨åˆ°ä¸ªäººèº«ä¸Šã€‚å¾¡ç”¨æ³•å¾‹äººå£«è§£é‡Šè¯´è´ºå»ºå¥çš„äº‹ï¼Œå› å‡ºç”Ÿè¶…è¿‡14å¤©ï¼Œæ‰€ä»¥è¿æ³•ï¼Œè¿™ç§è§£é‡Šå¾ˆç‰µå¼ºï¼Œæ˜æ˜¾æ˜¯ä¸ºæ”¿åºœæ¨è¾è´£ä»»ã€‚å›½å¤–åŸºå› ç¼–è¾‘ç”¨äºèƒšèƒä¹Ÿæ˜¯å¯ä»¥çš„ï¼Œä½†æ˜¯å†™æ˜ä¸èƒ½å»¶ç»­åˆ°æ€€å­•æœŸå’Œå‡ºç”Ÿã€‚è¿˜è§£é‡Šè¯´è´ºä¸æ˜¯åŒ»ç”Ÿï¼Œè¿™ç§è§£é‡Šä¹Ÿæ˜¯å¼€è„±ï¼Œåšè¿™ç§äº‹æœ¬å°±æ˜¯ç”Ÿç‰©å­¦å®¶çš„äº‹ã€‚,"['voayuwen', 'voachinese']",[],[],1,0,2,,[],https://twitter.com/yuqiu5411/status/1068443525325381632,,
1068443230180495360,1068152944426737666,1543571691000,2018-11-30,02:54:51,MST,856876996088877056,yuqiu5411,yuqiu,,1. è¿™æ˜¯ä¸­å›½æ”¿åºœæ¨å¸è´£ä»»ã€‚åŸºå› ç¼–è¾‘ï¼Œæ³•å¾‹æ˜¯ç¼ºå¤±çš„ï¼Œæœ‰ç›¸å…³è§„å®šï¼šï¼ˆå¯ä»¥ä»¥ç ”ç©¶ä¸ºç›®çš„ï¼Œå¯¹äººä½“èƒšèƒå®æ–½åŸºå› ç¼–è¾‘å’Œä¿®é¥°ï¼Œä½†ä½“å¤–åŸ¹å…»æœŸé™è‡ªå—ç²¾æˆ–è€…æ ¸ç§»æ¤å¼€å§‹ä¸å¾—è¶…è¿‡14å¤©ã€‚ï¼‰è§„å®šæ²¡æœ‰æƒ©ç½šæªæ–½ã€‚å¦‚æœæ‰¿è®¤æ”¿åºœçš„å¤±è´£ï¼Œé‚£ä¹ˆæƒ…æœ‰å¯åŸã€‚è¿™æ˜¯æ–°çš„äº‹ç‰©ï¼Œæ²¡æœ‰è€ƒè™‘å‘¨åˆ°ã€‚ä½†æ˜¯ä½ ä¸èƒ½æ¨å¸è´£ä»»ï¼Œæ‰¿è®¤é”™è¯¯æ”¹å°±æ˜¯äº†ã€‚,"['voayuwen', 'voachinese']",[],[],1,0,1,,[],https://twitter.com/yuqiu5411/status/1068443230180495360,,
1068441330206957568,1068441330206957568,1543571238000,2018-11-30,02:47:18,MST,232201624,fangshimin,æ–¹èˆŸå­,,åŸºå› ç¼–è¾‘è„±é¶æœ€åçš„ç»“æœå°±æ˜¯å¼•å…¥äº†è‡´ç—…åŸºå› ï¼Œéš¾é“è¿˜ä¼šæå‡ºä»€ä¹ˆæ€ªç‰©ã€è¶…äººï¼Ÿæœ€çƒ¦çš„å°±æ˜¯è¿™ç§å¯¹é—ä¼ å­¦ä¸€æ— æ‰€çŸ¥å´å¼€å£â€œäººç±»çš„å·¨å¤§å±æœºâ€é—­å£â€œçœŸå®çš„å†å²äº‹å®â€çš„å¦„äººï¼Œä¸€å®šæ˜¯æœ‰ä»€ä¹ˆå¦„äººåŸºå› åº”è¯¥è¢«æ·˜æ±°æ‰ã€‚  https://twitter.com/jamesli6341/status/1068434669778030592Â â€¦,,['https://twitter.com/jamesli6341/status/1068434669778030592'],[],9,7,36,,[],https://twitter.com/fangshimin/status/1068441330206957568,,https://twitter.com/JamesLi6341/status/1068434669778030592
1068439262071324672,1068439262071324672,1543570745000,2018-11-30,02:39:05,MST,359311747,congrss,2congçš„RSS,,2chï¼šä¸­å›½ç§‘æŠ€éƒ¨è¡¨æ€ï¼Œâ€œåŸºå› ç¼–è¾‘å©´å„¿â€è‹¥å‡ºç”Ÿå°†ä¾æ³•å¤„ç†  https://ift.tt/2Qqiax5Â  #congrss,,['https://ift.tt/2Qqiax5'],[],0,0,0,,['#congrss'],https://twitter.com/CongRss/status/1068439262071324672,,
1068437781104525312,1068437781104525312,1543570392000,2018-11-30,02:33:12,MST,888612747675447296,i6qdsbdsbdf,ç‹®å­ä¸€é¸£,,ã€Šå»ºæ°‘è®ºæ¨å¢™406ã€‹éæ´²å¤–äº¤å¸¦æ¥é‡å¤§è‰¾æ»‹ç—…éšæ‚£ï¼ŒåŸºå› ç¼–è¾‘å‰‘æŒ‡è‰¾æ»‹ç—…ã€‚  https://www.youtube.com/watch?v=uc_QKlfJziY&feature=shareÂ â€¦,,['https://www.youtube.com/watch?v=uc_QKlfJziY&feature=share'],[],0,0,0,,[],https://twitter.com/i6qdsbdsbdf/status/1068437781104525312,,
1068437415877009409,1068437415877009409,1543570305000,2018-11-30,02:31:45,MST,3279566642,tengkun001,ã€Œæ‚²å¤©æ†«äººã€,,. å¤šç»´æŠ¥å¯¼ï¼šæ¨ç‰¹åâ€œè‰ç¥­â€åŸä¸Šæµ·æŸå¤§å­¦ç†å­¦æ•™æˆåœ¨æ¨ç‰¹ä¸ŠæŒ‡å‡ºï¼Œä¸­å…±ç§˜å¯†ä¸‹ä»¤è¿›è¡Œâ€œåŸºå› ç¼–è¾‘å©´å„¿â€å®éªŒï¼Œå°†è¿™é¡¹ä»»åŠ¡äº¤ç»™ä¸­å›½å—æ–¹ç§‘æŠ€å¤§å­¦ï¼Œå†ç”±å‰¯æ•™æˆè´ºå»ºå¥ä»˜è¯¸å®è·µã€‚    https://twitter.com/caojitw/status/1068012400182362113Â â€¦  https://twitter.com/caojitw/status/1067719286012047360Â â€¦  https://twitter.com/caojitw/status/1067992097750282242Â â€¦  . pic.twitter.com/1xfduFxsbB,,"['https://twitter.com/caojitw/status/1068012400182362113', 'https://twitter.com/caojitw/status/1067719286012047360', 'https://twitter.com/caojitw/status/1067992097750282242']","['https://pbs.twimg.com/media/DtPaEiFVsAER5cf.jpg', 'https://pbs.twimg.com/media/DtPaF_XVYAE23VS.jpg', 'https://pbs.twimg.com/media/DtPaHwWV4AEMXxE.jpg', 'https://pbs.twimg.com/media/DtPaJPxV4AAV4e_.jpg']",1,0,1,,[],https://twitter.com/tengkun001/status/1068437415877009409,,
1068436756637216768,1068436756637216768,1543570148000,2018-11-30,02:29:08,MST,1856569213,sinbad_w,sinbad,,ã€çœŸç†éƒ¨ã€‘ç¬¬äºŒå±Šäººç±»åŸºå› ç»„ç¼–è¾‘å³°ä¼šå’ŒåŸºå› ç¼–è¾‘å©´å„¿ | å…³äºç¬¬äºŒå±Šäººç±»åŸºå› ç»„ç¼–è¾‘å³°ä¼šå’ŒåŸºå› ç¼–è¾‘å©´å„¿ç›¸å…³æŠ¥é“ï¼Œè¯·ä¸¥æ ¼è§„èŒƒç¨¿æºï¼Œå¦‚æŠ¥é“ï¼Œåªå¯ä½¿ç”¨æƒå¨éƒ¨é—¨å‘å¸ƒå†…å®¹ï¼Œä¸è‡ªé‡‡è‡ªç¼–ï¼Œä¸å¼¹çª—æ¨é€ï¼Œä¸¥ç®¡æœ‰å®³è¯„è®ºè·Ÿå¸–ã€‚  https://chinadigitaltimes.net/chinese/2018/11/%e3%80%90%e7%9c%9f%e7%90%86%e9%83%a8%e3%80%91%e7%ac%ac%e4%ba%8c%e5%b1%8a%e4%ba%ba%e7%b1%bb%e5%9f%ba%e5%9b%a0%e7%bb%84%e7%bc%96%e8%be%91%e5%b3%b0%e4%bc%9a%e5%92%8c%e5%9f%ba%e5%9b%a0%e7%bc%96%e8%be%91/Â â€¦,,['https://chinadigitaltimes.net/chinese/2018/11/%e3%80%90%e7%9c%9f%e7%90%86%e9%83%a8%e3%80%91%e7%ac%ac%e4%ba%8c%e5%b1%8a%e4%ba%ba%e7%b1%bb%e5%9f%ba%e5%9b%a0%e7%bb%84%e7%bc%96%e8%be%91%e5%b3%b0%e4%bc%9a%e5%92%8c%e5%9f%ba%e5%9b%a0%e7%bc%96%e8%be%91/'],[],0,0,0,,[],https://twitter.com/sinbad_W/status/1068436756637216768,,
1068436637460439044,1068264795818917890,1543570119000,2018-11-30,02:28:39,MST,2548407985,198920042014,ä»»ä¸å¯,,1åå­—å†›å¯¹é¢æ˜¯å›æ•™å†›é˜Ÿï¼Œåæ‰§ä¸€ç«¯å°±æ˜¯é­”é¬¼çš„è°è¨€ã€‚å‡†ç¡®åœ°è¯´ï¼Œåå­—å†›ä¸œå¾æ‰æ˜¯è‡ªå«åå‡»æˆ˜ã€‚2ä½ ä¸æ‡‚ä»€ä¹ˆå«åŸç½ªï¼ŒåŸºå› ç¼–è¾‘å©´å­©å„¿ä¸æ˜¯ç§‘å­¦è´¡çŒ®ï¼Œæ­£å¦‚731éƒ¨é˜Ÿä¸æ˜¯ç§‘å­¦è´¡çŒ®ä¸€æ ·ã€‚ä½ ä»¬çš„ä¸»å­éƒ½ä¸æ•¢è¿™æ ·è®¤ä¸ºã€‚3åŸºç£å¾’åªæœ‰ä¸€ä½ä¸»ï¼Œç¾å›½äººä¹Ÿè¦è·Ÿåœ£ç»å­¦åŸºç£ã€‚4åœ£ç»è¯´ï¼Œå¤©å›½è¿‘äº†äººè¦æ‚”æ”¹ã€‚ä½†ä½ ä»¬è¿™é»‘æš—ä¹‹å­æœ‰ç¥¸äº†ã€‚,['ppdhvxdxymrqrcz'],[],[],0,0,7,,[],https://twitter.com/198920042014/status/1068436637460439044,,
1068436259524100097,1068436259524100097,1543570029000,2018-11-30,02:27:09,MST,117054654,ilufie,Lufie,,è„‘æ´å¼€å¾—æœ‰ç‚¹å¤§â€¦ RT @shynloc: 2018ï¼Œâ€œåŸºå› ç¼–è¾‘â€åœ¨ä¸­å›½å‡ºç°ã€‚2020å¹´ï¼Œè†ç”°ç³»æ‹‰æ‹¢åœ°ä¸‹èµ„æœ¬æŠ•èµ„äº†ä¸€å®¶åŒ»è¯ç§‘æŠ€å…¬å¸ï¼Œä¿æŠ¤ä¼ç§‘æŠ€ï¼Œæ—¨åœ¨é€šè¿‡å¯¹éƒ¨åˆ†ç—…æ¯’è¿›è¡Œæ”¹é€ å¹¶ä¸äººä½“ç»“åˆåï¼Œæ²»æ„ˆäººç±»å›ºç–¾ï¼ŒåŒ…æ‹¬ç»ç—‡å’Œæ®‹ç–¾ã€‚2022å¹´ï¼Œå®éªŒå¤±è´¥ï¼ŒæŸç§ç—…æ¯’å¤–æ³„â€¦â€¦,['shynloc'],[],[],0,0,4,,[],https://twitter.com/ilufie/status/1068436259524100097,,
1068435979445444608,1068435979445444608,1543569962000,2018-11-30,02:26:02,MST,2701686703,waicanzazhi,å¤–åƒæ–°èç¶²ï¼šè§£é–‹ä¸­åœ‹ç§˜å¯†,,æ˜é•œä¹‹å£°ï½œä¸­ç¾ç‹è§ç‹å¯¹å†³ï¼Œè´¸æ˜“æˆ˜å¯èƒ½å‡ºç°è½¬æ©ç‚¹ï¼›â€œå›½æ°‘å…šå¤§èƒœï¼Œä»£è¡¨å°æ¹¾è½¬å‘ä¸­å›½â€è¿™ä¸ªè§£è¯»æœ‰è¯¯å—ï¼Ÿä¸ºä½•ä¸­å›½ç§‘å­¦å®¶å’Œä¸­å›½çˆ¶æ¯æƒ³è¦åŸºå› ç¼–è¾‘å©´å„¿ï¼Ÿï¼ˆ20181130-3ï¼‰  http://dlvr.it/QsT1xsÂ  pic.twitter.com/KN5RseucOW,,['http://dlvr.it/QsT1xs'],['https://pbs.twimg.com/media/DtPY3DXV4AA2bPh.jpg'],0,0,0,,[],https://twitter.com/waicanzazhi/status/1068435979445444608,,
1068435970331156480,1068435970331156480,1543569960000,2018-11-30,02:26:00,MST,2788532124,chinaminbao,ä¸­å›½æ°‘æŠ¥,,æ˜é•œä¹‹å£°ï½œä¸­ç¾ç‹è§ç‹å¯¹å†³ï¼Œè´¸æ˜“æˆ˜å¯èƒ½å‡ºç°è½¬æ©ç‚¹ï¼›â€œå›½æ°‘å…šå¤§èƒœï¼Œä»£è¡¨å°æ¹¾è½¬å‘ä¸­å›½â€è¿™ä¸ªè§£è¯»æœ‰è¯¯å—ï¼Ÿä¸ºä½•ä¸­å›½ç§‘å­¦å®¶å’Œä¸­å›½çˆ¶æ¯æƒ³è¦åŸºå› ç¼–è¾‘å©´å„¿ï¼Ÿï¼ˆ20181130-3ï¼‰  http://dlvr.it/QsT1xTÂ  pic.twitter.com/l02SzZsngd,,['http://dlvr.it/QsT1xT'],['https://pbs.twimg.com/media/DtPY2ixU4AASOaf.jpg'],0,0,0,,[],https://twitter.com/chinaminbao/status/1068435970331156480,,
1068434338189115392,1068434338189115392,1543569571000,2018-11-30,02:19:31,MST,987319392932368384,huajiadiliren,æ¢èŠ±éƒ,,ä»Šæ—¥ä¸€æ¨â€”â€”åŸºå› ç¼–è¾‘åœ¨è·¯ä¸Šï¼šå’Œå…¶ä»–å·²ç»åˆ°æ¥çš„A.I.ä¸€æ ·ï¼Œéƒ½å°†æ·±åˆ»æ”¹å˜äººç±»ç¤¾ä¼šã€‚ä¸è¦è½»æ˜“è¯´ä½ èƒ½è°¢ç»åŸºå› ç¼–è¾‘ï¼Œåœ¨å¤±æ™ºç—‡é¢å‰ï¼Œåœ¨å¸•é‡‘æ£®é¢å‰ï¼Œåœ¨å¥½å¤šå…¶ä»–å°šæ— æ²»æ„ˆäººç±»ç–¾ç—…é¢å‰ã€‚å¦‚æœæ‰¾åˆ°äº†å…·ä½“çš„é‚£ä¸ªé•¿å¯¿åŸºå› ï¼Œä½ ä¸èƒ½æœŸå¾…æ‰€æœ‰çš„äººéƒ½èƒ½è¯´ä¸ï¼Œå› ä¸ºè¿™æ˜¯è‡ªç”±æ„å¿—çš„ä¸€éƒ¨åˆ†ã€‚,,[],[],0,0,0,,[],https://twitter.com/huajiadiliren/status/1068434338189115392,,
1068432349304508417,1068432349304508417,1543569097000,2018-11-30,02:11:37,MST,1061153821798191104,tangyongtao1,æ´»ç€,,å¤šç»´æŠ¥å¯¼ï¼šåŒ–åâ€œè‰ç¥­â€çš„åŸä¸Šæµ·æŸå¤§å­¦ç†å­¦æ•™æˆåœ¨æ¨ç‰¹ä¸ŠæŒ‡å‡ºï¼Œä¸­å…±ç§˜å¯†ä¸‹ä»¤è¿›è¡Œâ€œåŸºå› ç¼–è¾‘å©´å„¿â€å®éªŒï¼Œå°†è¿™é¡¹ä»»åŠ¡äº¤ç»™ä¸­å›½å—æ–¹ç§‘æŠ€å¤§å­¦ï¼Œå†ç”±å‰¯æ•™æˆè´ºå»ºå¥ä»˜è¯¸å®è·µã€‚ â€œè‰ç¥­â€æ·±å…¥è§£é‡Šï¼Œè¯¥å®éªŒåŠ¨è¾„ç ´äº¿å…ƒçš„ç ”ç©¶ç»è´¹ï¼Œå¹¶éåŒºåŒºä¸€ä¸ªå‰¯æ•™æˆèƒ½ç‹¬åŠ›äº‰å–ä¸€å®šæœ‰ä¸­å›½ç§‘æŠ€éƒ¨æ’‘è…°ã€‚è´ºçš„è´£ä»»åœ¨äºä¸å°å¿ƒæ³„éœ²å›½å®¶æœºå¯†ã€‚ æ‘˜  pic.twitter.com/Mpi3imeNBH,,[],"['https://pbs.twimg.com/media/DtPVjUyVsAARLf0.jpg', 'https://pbs.twimg.com/media/DtPVjU0VsAASuYu.jpg']",1,0,1,,[],https://twitter.com/tangyongtao1/status/1068432349304508417,,
1068431227965730816,1068431227965730816,1543568829000,2018-11-30,02:07:09,MST,97667172,buqueding,ä¸ç¡®å®š,,æ²¡æœ‰å®˜æ–¹èƒŒæ™¯ï¼Œå¯èƒ½ç‹¬ç«‹çš„å®éªŒåŸºå› ç¼–è¾‘ä¹ˆï¼Ÿç©¶ç«Ÿæ˜¯å‚»è¿˜æ˜¯å¤©çœŸæˆ–è€…è£…ç³Šæ¶‚ï¼Ÿ,,[],[],1,1,1,,[],https://twitter.com/buqueding/status/1068431227965730816,,
1068430155721277440,1068430155721277440,1543568574000,2018-11-30,02:02:54,MST,83099064,cjcn2009,cj,,äººé“æ¯ç­è¿™ä¸¤ä¸ªåŸºå› ç¼–è¾‘è¿‡çš„å©´å„¿è‚¯å®šæ˜¯ä¸è¡Œçš„ï¼Œä½†æ˜¯è½¯æ€§ç»è‚²å¯è¡Œå—ï¼Ÿå¦‚æœå¯è¡Œåˆåº”å½“é€šè¿‡æ€æ ·çš„ç¨‹åºï¼Ÿè¿™äº›é—®é¢˜å¼•èµ·çš„è®¨è®ºå¾ˆå¤šï¼Œä½†æœ€ç»ˆè§£å†³æ–¹æ¡ˆå¾ˆå¯èƒ½æ˜¯ç®€å•ç²—æš´çš„ä¸€åˆ€åˆ‡ã€‚  æ‚ç›–å­å¼•å¯¼èˆ†æƒ…æ˜¯ç¬¬ä¸€ä½çš„ã€‚,,[],[],1,0,0,,[],https://twitter.com/cjcn2009/status/1068430155721277440,,
1068429693915787265,1068429693915787265,1543568464000,2018-11-30,02:01:04,MST,2493738414,cnmainland,ä¸­å›½å¤§é™†æ–°é—»,,è´ºå»ºå¥æ›¾ä¸Šå¤®è§†è¿19å¤§ è¢«ç§°åŸºå› æ–°ç‰›äºº æ·±åœ³å—æ–¹ç§‘æŠ€å¤§å­¦ï¼ˆå—ç§‘å¤§ï¼‰å‰¯æ•™æˆè´ºå»ºå¥æ—¥å‰å®£å¸ƒï¼Œä¸€å¯¹ç»åŸºå› ç¼–è¾‘ã€å¯¹çˆ±æ»‹ç—…å…ç–«çš„å¥³å©´ï¼Œ  http://www.mychinanews.com/news/n/11/2219397Â â€¦ pic.twitter.com/92fPh5tilM,,['http://www.mychinanews.com/news/n/11/2219397'],['https://pbs.twimg.com/media/DtPTJRQVAAA4Kwo.jpg'],2,0,0,,[],https://twitter.com/cnmainland/status/1068429693915787265,,
1068429514944983041,1068163070487187456,1543568421000,2018-11-30,02:00:21,MST,719386088918228992,zhanggenjian1,æ°´åº“,,æœ€å¥‡æ€ªçš„æ˜¯è´ºä¸€ç›´å£°ç§°åŸºå› ç¼–è¾‘æˆåŠŸï¼Œä»Šå¤©å·²ç»è¢«å­¦ç•Œä¸“å®¶æ‰“è„¸äº†ï¼Œä¸€ä¸ªå©´å„¿æ— æ•ˆç¼–è¾‘ï¼Œä¸€ä¸ªå©´å„¿è„±é¶ï¼Œè¿™ä¹ˆç»ä¸èµ·æ¨æ•²çš„è°è¯ä»–æ€ä¹ˆæ•¢åœ¨ä¸“å®¶å³°ä¼šä¸Šè®²å‡ºæ¥ã€‚å®ƒæ˜¯ä¸ºäº†æ‹¿è¯ºè´å°”å¥–ç²¾ç¥ä¸æ­£å¸¸äº†ï¼Ÿ,['caojitw'],[],[],0,0,0,,[],https://twitter.com/zhanggenjian1/status/1068429514944983041,,
1068429227098234881,1068429227098234881,1543568352000,2018-11-30,01:59:12,MST,1067167575665270785,primus28646,primus28646,,ä½œå®¶ã€å‘æ˜å®¶ã€è®¡ç®—æœºç§‘å­¦å®¶ã€è°·æ­Œé¦–å¸­æœªæ¥å­¦å®¶é›·Â·åº“å…¹éŸ¦å°”ï¼ˆRay Kurzweilï¼‰ï¼Œè¯­å‡ºæƒŠäººï¼Œéœ‡æƒŠäº†ä¸–ç•Œï¼é›·Â·åº“å…¹éŸ¦å°”è¡¨ç¤ºï¼ŒåŸºå› ç¼–è¾‘åªæ˜¯å¾ˆåˆçº§çš„æŠ€æœ¯ï¼Œ åœ¨ä¸è¿œçš„å°†æ¥ï¼ŒæŠ€æœ¯å°†è®©æˆ‘ä»¬å˜å¾—æ›´èªæ˜ã€æ›´å¥åº·ï¼Œäººç±»å°†åœ¨2029å¹´å¼€å§‹å®ç°æ°¸ç”Ÿï¼Œè¿œè·ç¦»çš„æ€§çˆ±å°†å‘ç”Ÿã€‚,,[],[],0,0,0,,[],https://twitter.com/primus28646/status/1068429227098234881,,
1068425916232040448,1068425916232040448,1543567563000,2018-11-30,01:46:03,MST,2612890274,mingjinglive,æ˜é•œç«æ‹,,æ˜é•œä¹‹å£°ï½œä¸­ç¾ç‹è§ç‹å¯¹å†³ï¼Œè´¸æ˜“æˆ˜å¯èƒ½å‡ºç°è½¬æ©ç‚¹ï¼›â€œå›½æ°‘å…šå¤§èƒœï¼Œä»£è¡¨å°æ¹¾è½¬å‘ä¸­å›½â€è¿™ä¸ªè§£è¯»æœ‰è¯¯å—ï¼Ÿä¸ºä½•ä¸­å›½ç§‘å­¦å®¶å’Œä¸­å›½çˆ¶æ¯æƒ³è¦åŸºå› ç¼–è¾‘å©´å„¿ï¼Ÿï¼ˆ20181130-3ï¼‰  http://dlvr.it/QsSvDyÂ  pic.twitter.com/YD3xv5O23K,,['http://dlvr.it/QsSvDy'],['https://pbs.twimg.com/media/DtPPtU_UcAEnofZ.jpg'],0,1,0,,[],https://twitter.com/MingjingLive/status/1068425916232040448,,
1068423106723667968,1068423106723667968,1543566893000,2018-11-30,01:34:53,MST,1512418789,zlsr369,äººäº‘äº¦æ€--è€Œåäº‘,,ã€ç§‘æ™®çŸ¥è¯†ã€‘å›¾è§£åŸºå› ç¼–è¾‘ å¤‡æ³¨ï¼šæœ€åä¸€å¼ ä¸ºå…¨å›¾ï¼Œæ„Ÿå…´è¶£çš„ç½‘å‹è¯·ä¸‹è½½æµè§ˆã€‚  pic.twitter.com/CKp0MURov3,,[],"['https://pbs.twimg.com/media/DtPLKAUU0AUX3zG.jpg', 'https://pbs.twimg.com/media/DtPLP6nU4AAG978.jpg', 'https://pbs.twimg.com/media/DtPLTWjU8AA4KUU.jpg', 'https://pbs.twimg.com/media/DtPNDk5VsAAtbfA.jpg']",0,0,0,,[],https://twitter.com/zlsr369/status/1068423106723667968,,
1068422903480401920,1068422903480401920,1543566845000,2018-11-30,01:34:05,MST,1037301579085434880,jinquangao,Jinquan Gaoé«˜è¿›æƒ,,ä¹ ç‰¹ä¼šåè´¸æ˜“æˆ˜å¤§æ¦‚ç‡ï¼Œç¾æ–¹å››å¤§æ¡ä»¶æ›å…‰ï¼æ•°ååäº²åå­¦è€…æ€åº¦å¤§å˜ï¼ä¸­å›½æ”¿åºœå–Šåœè´ºå»ºå¥åŸºå› ç¼–è¾‘ç§‘ç ”æ´»åŠ¨ï¼ä¸­å›½ä½æ»¡183å¤©æµ·å¤–æ”¶å…¥ä¹Ÿäº¤ç¨ã€è´å£³æ’­æŠ¥20...  https://youtu.be/Uxh7v7IitfEÂ  æ¥è‡ª @YouTube,['youtube'],['https://youtu.be/Uxh7v7IitfE'],[],0,0,0,,[],https://twitter.com/JinquanGao/status/1068422903480401920,,
1068419153227243525,1068419153227243525,1543565951000,2018-11-30,01:19:11,MST,15524713,moreless,moreless ï£¿,,æˆ‘å†™çš„æ–‡ç« ï¼šè´ºå»ºå¥çš„åŸºå› ç¼–è¾‘ï¼ŒçœŸçš„æ˜¯åœ¨æ¢ç´¢æœªçŸ¥å—ï¼Ÿï½œç«¯å‚³åª’ Initium Media  https://theinitium.com/article/20181130-notes-gene-editing/Â â€¦ via @initiumnews,['initiumnews'],['https://theinitium.com/article/20181130-notes-gene-editing/'],[],0,0,0,,[],https://twitter.com/moreless/status/1068419153227243525,,
1068418445107187713,1068418445107187713,1543565782000,2018-11-30,01:16:22,MST,711064470383005697,leela10000,ä¸å±ˆæœçš„å¢™å†…è‰,,å‡¡æ˜¯çœ‹ä¸¤é¢ï¼ŒåŸºå› ç¼–è¾‘ä¸ä¸€å®šå°±æ˜¯è¿èƒŒä¼¦ç†å’Œäººæ€§çš„ï¼Œå¯ä»¥æ”¹å–„åŸºå› ï¼Œåˆ©ç”¨å¥½ä¹Ÿæ˜¯ç»™å›½äººä¸€ä¸ªå¥åº·çš„ä¿éšœï¼  https://twitter.com/baotong1932/status/1068316669582274561Â â€¦,,['https://twitter.com/baotong1932/status/1068316669582274561'],[],0,0,0,,[],https://twitter.com/LeeLa10000/status/1068418445107187713,,https://twitter.com/baotong1932/status/1068316669582274561
1068416527228002304,1068416527228002304,1543565324000,2018-11-30,01:08:44,MST,1512418789,zlsr369,äººäº‘äº¦æ€--è€Œåäº‘,,"ã€çƒ­é—¨è·Ÿè¸ªã€‘è´ºå»ºå¥æŠ—è‰¾æ»‹ç—…åŸºå› ç¼–è¾‘å©´å„¿äº‹ä»¶ä¸­å‡ ä¸ªå…³æ³¨ç‚¹(7)  ç”·æ€§ï¼ˆHIVæºå¸¦è€…)+ä¸å­•å¥³æ€§â–¶ï¸â–¶ï¸ã€æ´—ç²¾æœ¯+PGD/PGSåŸºå› ç­›æŸ¥æŠ€æœ¯å¯¹å—ç²¾åµåŸ¹è‚²æˆçš„å›Šèƒšè¿›è¡Œæ£€æµ‹+è¯•ç®¡å©´å„¿ã€‘ã€“ å¥åº·å°å­© æ´—ç²¾æœ¯æ˜¯ç”±æ„å¤§åˆ©ç±³å…°å¤§å­¦çš„å¥¥å¤æ–¯éƒ½ç­‰æ•™æˆå‘æ˜,å¯¹è‰¾æ»‹ã€ä¹™è‚ã€ä¸™è‚ã€æ¢…æ¯’ç­‰ç—…æ¯’æºå¸¦è€…å‡å¯ã€‚ å…·ä½“è¯·ç½‘å‹ä¸Šç½‘è‡ªæŸ¥... ...  pic.twitter.com/qE13lGThBa",,[],['https://pbs.twimg.com/media/DtPG30cU4AA80PN.jpg'],0,0,0,,[],https://twitter.com/zlsr369/status/1068416527228002304,,
1068416086335352832,1068416086335352832,1543565219000,2018-11-30,01:06:59,MST,421357807,jin_cj,dy,,åŸºå› ç¼–è¾‘å©´å„¿è½°åŠ¨å…¨çƒ çˆ†å®˜æ–¹å¯†ä»¤æ‰§è¡Œ(å›¾) - ç§‘æŠ€å‰æ²¿ BackChina Network  https://www.backchina.com/news/2018/11/30/596608.htmlÂ â€¦,,['https://www.backchina.com/news/2018/11/30/596608.html'],[],0,0,0,,[],https://twitter.com/jin_cj/status/1068416086335352832,,
1068414576419463168,1068414576419463168,1543564859000,2018-11-30,01:00:59,MST,198739343,nanyangpress,å—æ´‹å•†æŠ¥eNanyang,,â€œåŸºå› ç¼–è¾‘å©´å„¿â€é£æ³¢å·²å»¶å®•æ•°æ—¥ï¼Œä¸­å›½å›½å®¶å«ç”Ÿå¥åº·å§”å‘˜ä¼šæ˜ŸæœŸå››å†æ¬¡å›åº”äº‹ä»¶ç§°ï¼Œæ ¹æ®ç›®å‰åª’ä½“æŠ¥é“çš„æƒ…å†µæ¥çœ‹ï¼Œè¿™ä¸€ç ”ç©¶é¡¹ç›®ä¸¥é‡è¿åäº†å›½å®¶æ³•å¾‹æ³•è§„å’Œä¼¦ç†å‡†åˆ™ã€‚  http://www.enanyang.my/?p=1145050Â  pic.twitter.com/dGPWfZg3No,,['http://www.enanyang.my/?p=1145050'],['https://pbs.twimg.com/media/DtPFY8TVsAAg4h5.jpg'],0,0,2,,[],https://twitter.com/nanyangpress/status/1068414576419463168,,
1068414250278883328,1068414250278883328,1543564782000,2018-11-30,00:59:42,MST,904959163087724544,chineseinla_com,æ´›æ‰çŸ¶åäººèµ„è®¯ç½‘,,â€œå·ä¹ å®´â€è°ˆåˆ¤æ¡ä»¶æ›å…‰ï¼å´”æ°¸å…ƒå†æ’•å†¯å°åˆšï¼ŸåŸºå› ç¼–è¾‘è‡´ä¸­å›½å­¦è€…æ±‚å­¦è¢«æ‹’ï¼Ÿ17ä½æ˜æ˜Ÿè¢«ç¨åŠ¡å±€çº¦è°ˆï¼å¼ ,,[],[],0,0,0,,[],https://twitter.com/ChineseInLA_com/status/1068414250278883328,,
1068414182352027649,1068414182352027649,1543564765000,2018-11-30,00:59:25,MST,849552889072713729,sea39017,seasun,,åŸºå› ç¼–è¾‘æ˜¯å•¥ï¼ŸCRISPR/cas9æŠ€æœ¯å¦‚ä½•ä¿®æ”¹DNAï¼Ÿææ°¸ä¹è€å¸ˆè®²åŸºå› å·¥ç¨‹ï¼ˆ1ï¼‰  https://youtu.be/o1MdiW5UZh0Â  æ¥è‡ª @YouTube,['youtube'],['https://youtu.be/o1MdiW5UZh0'],[],0,0,0,,[],https://twitter.com/sea39017/status/1068414182352027649,,
1068413511917694976,1068413511917694976,1543564606000,2018-11-30,00:56:46,MST,232201624,fangshimin,æ–¹èˆŸå­,,è èå› å­å’Œäº¬è™å­ä¸€æ ·è¿™å›ä¹Ÿå½»åº•éœ²é¦…ï¼Œæš´éœ²å‡ºä¸ä»…ä¸æ‡‚é—ä¼ å­¦ï¼Œè¿é«˜ä¸­ç”Ÿç‰©ä¹Ÿæ²¡å­¦å¥½ï¼Œå±…ç„¶æŠŠâ€œæ‚åˆä½“â€ç†è§£æˆæœ‰äº›ç»†èƒæ­£å¸¸æœ‰äº›ç»†èƒä¸æ­£å¸¸ã€‚å…¶å®æ‚åˆå­ä¸è¿‡æ˜¯æŒ‡ä¸€å¯¹ç­‰ä½åŸºå› ä¸ä¸€æ ·ï¼Œè¿™å¯¹åŸºå› ç¼–è¾‘å©´å„¿ä¸­é‚£ä¸ªæ‚åˆå­çš„CCR5åè€Œæ˜¯æ­£å¸¸çš„ã€‚è¿™äº›ä¸å­¦æ— æœ¯çš„æˆäº†ç§‘æ™®ç½‘çº¢ï¼Œå°±åªä¼šå±è¨€è€¸å¬å“å”¬äººã€‚  pic.twitter.com/wO8XK2UaRw,,[],['https://pbs.twimg.com/media/DtPEah1U0AUrBuS.jpg'],7,18,51,,[],https://twitter.com/fangshimin/status/1068413511917694976,,
1068413349904310272,1068413349904310272,1543564567000,2018-11-30,00:56:07,MST,1068403879572688897,amextamext,ç§‹æ«å…¬ç¤¾æ–‡éƒ¨ç§‘å­¦çœ AMEXT,,ã€Œæ–‡éƒ¨ç§‘å­¦çœï¼šç¦»æ•£åŒ–æ˜¯ä¸–ç•Œçš„æ–°å¸¸æ€ã€ 21ä¸–çºªæ˜¯ç§‘å­¦çš„ä¸–çºªï¼Œä¹Ÿæ˜¯è®¡ç®—æœºçš„ä¸–çºªï¼Œå…ƒé¦–åœ¨å¤§ä¼šä¸ŠæŒ‡ç¤ºç§‘ç ”äººå‘˜åº”è¯¥ç”¨ç¦»æ•£åŒ–ï¼Œæ¨¡å—åŒ–ï¼Œè®¡ç®—åŒ–çš„æ–°æ€ç»´æ¥åº”å¯¹å½“ä»Šä¸–ç•Œçš„å‰§å˜ã€‚å…ƒé¦–å¼ºè°ƒè¯´ï¼Œæ­£æ˜¯ç§‘å­¦çš„åŸºå› ç¼–è¾‘å¸¦æ¥äº†æ–°çš„éŸ­èœå“ç§ï¼Œæ‰€ä»¥æˆ‘ä»¬æ›´è¦æŠŠæ¡æœºä¼šï¼Œèµ¢å¾—é¦–æˆ˜ï¼Œå¿—åœ¨æœªæ¥ï¼ŒåŠŸåœ¨å½“ä»£ï¼Œåˆ©åœ¨åƒç§‹  https://twitter.com/MofaBishopwood/status/1068396402219245568Â â€¦,,['https://twitter.com/MofaBishopwood/status/1068396402219245568'],[],1,5,8,,[],https://twitter.com/AMEXTAMEXT/status/1068413349904310272,,https://twitter.com/MofaBishopwood/status/1068396402219245568
1068411585872375808,1068411585872375808,1543564146000,2018-11-30,00:49:06,MST,1068403879572688897,amextamext,ç§‹æ«å…¬ç¤¾æ–‡éƒ¨ç§‘å­¦çœ AMEXT,,ã€Œæ–‡éƒ¨ç§‘å­¦çœï¼šéŸ­èœçš„å‘è‚²ä½“ç°äº†åŸºå› ç¼–è¾‘çš„æ–°è¶‹åŠ¿ã€æ–‡éƒ¨ç§‘å­¦çœå‘è¨€äººç§°ï¼ŒéŸ­èœä¸æ°‘ç”Ÿçš„å…³ç³»æ˜¯å¯†ä¸å¯åˆ†çš„ï¼Œè§£å†³å›½å®¶åƒé¥­é—®é¢˜éœ€è¦å…¨ä½“ç§‘ç ”äººå‘˜å…±åŒå‚ä¸ï¼Œå‘æ‰¬å…ƒé¦–ç§‘æ•™å…´å›½çš„æ–°æˆ˜ç•¥ï¼Œåšå‡ºæ–°éŸ­èœï¼Œåšå‡ºå¥½éŸ­èœï¼ŒæŠŠæ°‘ä¼—çš„ç´ è´¨æ‘†åœ¨æœ€é«˜ä½çš„åŸºç¡€ä¸Šå¯¹ä¸–ç•Œç§‘å­¦å»ºè®¾åšå‡ºæ¢ç´¢  https://twitter.com/Hasangsabahe/status/1068360287374340096Â â€¦,,['https://twitter.com/Hasangsabahe/status/1068360287374340096'],[],0,2,7,,[],https://twitter.com/AMEXTAMEXT/status/1068411585872375808,,https://twitter.com/Hasangsabahe/status/1068360287374340096
1068411449041539072,1068411449041539072,1543564114000,2018-11-30,00:48:34,MST,1054397286787112960,damoyu11,å¤§æ¼ é±¼,,é¦™æ¸¯åŸºå› ç¼–è¾‘å³°ä¼šè°´è´£è´ºå»ºå¥â€åŸºå› ç¼–è¾‘å©´å„¿â€œâ€ä¸è´Ÿè´£ä»»â€œ http://cn.rfi.fr/%E4%B8%AD%E5%9B%BD/20181129-%E9%A6%99%E6%B8%AF%E5%9F%BA%E5%9B%A0%E7%BC%96%E8%BE%91%E5%B3%B0%E4%BC%9A%E8%B0%B4%E8%B4%A3%E8%B4%BA%E5%BB%BA%E5%A5%8E%E5%9F%BA%E5%9B%A0%E7%BC%96%E8%BE%91%E5%A9%B4%E5%84%BF%E4%B8%8D%E8%B4%9F%E8%B4%A3%E4%BB%BBÂ â€¦,,['http://cn.rfi.fr/%E4%B8%AD%E5%9B%BD/20181129-%E9%A6%99%E6%B8%AF%E5%9F%BA%E5%9B%A0%E7%BC%96%E8%BE%91%E5%B3%B0%E4%BC%9A%E8%B0%B4%E8%B4%A3%E8%B4%BA%E5%BB%BA%E5%A5%8E%E5%9F%BA%E5%9B%A0%E7%BC%96%E8%BE%91%E5%A9%B4%E5%84%BF%E4%B8%8D%E8%B4%9F%E8%B4%A3%E4%BB%BB'],[],0,0,0,,[],https://twitter.com/damoyu11/status/1068411449041539072,,
1068410060022276097,1067715953079635968,1543563783000,2018-11-30,00:43:03,MST,983874435525459968,heyishen01,Heyishen,,æ•´å¤©åœ¨è¿™æ„æ·«ï¼ŒåŸºå› ç¼–è¾‘æŠ€æœ¯ä¹Ÿå¹¶éä¸­å›½æ‰æœ‰å§ï¼Œåªæ˜¯ä¸­å›½åŒ»å­¦å®¶è¡Œä¸ºè¶…å‰ï¼Œå†’é™©è¯•éªŒå¹¶å…¬å¸ƒäº†ï¼Œè¿™å’Œä¸­å…±æœ‰ä¸ªé”¤å­å…³ç³»ï¼Œè¦é»‘ä¹Ÿè¦æ‰¾å¥½è§’åº¦å§ï¼Ÿ,['chenweijian2011'],[],[],0,0,0,,[],https://twitter.com/Heyishen01/status/1068410060022276097,,
1068410049276522497,1068410049276522497,1543563780000,2018-11-30,00:43:00,MST,109830471,zhangheci,å¼ é¹¤æ…ˆ,,ä¸æ˜¯åˆ«äººä¸èƒ½åšï¼Œæ˜¯åˆ«çš„ç§‘å­¦å®¶ä¸å»åšã€‚å‘æ˜åŸºå› ç¼–è¾‘å·¥å…·CRIPSR-CAS9çš„åäººç§‘å­¦å®¶å¼ é”‹å’Œçå¦®å¼—Â·æœå¾·å¨œï¼Œç°åœ¨å‘¼åæš‚åœåšå®éªŒå®¤ç§‘ç ”ä¹‹å¤–çš„èƒšèƒåŸºå› ç¼–è¾‘ç ”ç©¶ã€‚ä»–ä»¬ä¸æ˜¯ä¸ä¼šä½¿ç”¨è‡ªå·±å‘æ˜çš„æŠ€æœ¯ï¼Œæ˜¯ä»–ä»¬ä½œä¸ºç§‘å­¦å®¶çš„è‰¯çŸ¥ä¸è®¸ä»–ä»¬åˆ©ç”¨ç§‘æŠ€è¿æ³•ç‰Ÿåˆ©,,[],[],0,1,2,,[],https://twitter.com/zhangheci/status/1068410049276522497,,
1068408866730401792,1068301871222308867,1543563498000,2018-11-30,00:38:18,MST,957159879025737728,baiyunbian1989,ç™½äº‘è¾¹,,è¿™å¹´å¤´ä»€ä¹ˆçºµé˜Ÿä¹Ÿæ¯”ä¸äº†è´ºå‰ªå­çš„åŸºå› ç¼–è¾‘ï¼Œä½†æ²¡æœ‰è¯†è´§çš„ã€‚,['lianchaohan'],[],[],0,0,0,,[],https://twitter.com/baiyunbian1989/status/1068408866730401792,,
1068406960385445888,1068406960385445888,1543563044000,2018-11-30,00:30:44,MST,1602461828,an_19944991,An,,æˆ‘æ”¯æŒåŸºå› ç¼–è¾‘çš„ç ”ç©¶ï¼Œä½†ç°åœ¨æ˜¾ç„¶è¿˜è¿œè¿œè¿œè¿œä¸åˆ°èƒ½å¤ŸæŠ•å…¥åº”ç”¨çš„é˜¶æ®µã€‚å®éªŒå’Œåº”ç”¨æ˜¯ä¸¤ä¸ªæ¦‚å¿µã€‚ç¾å›½åšè¿™ç§å®éªŒè¦é€šè¿‡è”é‚¦æ”¿åºœçš„åŒæ„ï¼Œä¸­å›½ä¸€ä¸ªåŒ»é™¢åŒæ„å°±å¯ä»¥äº†ï¼Œç°åœ¨è´Ÿè´£äººéƒ½åœ¨æŠµèµ–è¯´ç­¾åæ˜¯ä¼ªé€ çš„ï¼Œä¸€å…±ä¸ƒä¸ªç­¾åå…¨æ˜¯ä¼ªé€ çš„ä¹ˆã€‚ã€‚æˆ‘åœ¨ç¾å›½å­¦ç”Ÿç‰©çš„æœ‹å‹æ¯å¤©éƒ½åœ¨è¢«ç¾å›½æ•™æˆé—®è¿™ä»¶äº‹ï¼Œä»–ä»¬å¿«å“æ­»äº†å§  https://twitter.com/nytchinese/status/1068369028723474432Â â€¦,,['https://twitter.com/nytchinese/status/1068369028723474432'],[],0,0,3,,[],https://twitter.com/An_19944991/status/1068406960385445888,,https://twitter.com/nytchinese/status/1068369028723474432
1068406914655158273,1068260369817309185,1543563033000,2018-11-30,00:30:33,MST,854707282239770628,guojiajiajia,BMZJ,,åŸºå› ç¼–è¾‘æŠ€æœ¯å¾ˆæˆç†Ÿï¼Œä½†ç‰¹å¼‚æ€§å’Œå®‰å…¨æ€§è¿œéå¤§ä¼—æ‰€æƒ³è±¡çš„é‚£ä¹ˆç¨³å®šï¼Œåˆ«è¯´äººç±»äº†ï¼Œå°ç™½é¼ èº«ä¸Šè¯•éªŒéƒ½ç»å¸¸å‡ºç°è„±é¶å¤±è´¥ã€‚å¦‚æœæ˜¯ä½“ç»†èƒç¼–è¾‘ï¼Œé£é™©å°šå¯æ§ï¼Œä¸ä¼šé—ä¼ ã€‚è€Œä¸”è¿™æ¬¡æ˜¯åœ¨ç”Ÿæ®–ç»†èƒä¸Šç¼–è¾‘ï¼Œéœ²éœ²å’Œå¨œå¨œå…¨èº«ç»†èƒéƒ½å‡ºç°äº†é”™è¯¯ç¼–è¾‘ï¼Œä¸‡ä¸€å‡ºç°é—®é¢˜æœ‰å¯èƒ½é—ä¼ åˆ°åä»£ï¼Œé£é™©ä¸å¯é¢„æ–™.......,,[],[],0,10,25,,[],https://twitter.com/guojiajiajia/status/1068406914655158273,,
1068406072585535488,1068406072585535488,1543562832000,2018-11-30,00:27:12,MST,3059320286,wuqifeng1986,ç™½è‰²åŒ—ææ˜Ÿ,,åŸºå› ç¼–è¾‘äº‹ä»¶å¾ˆå¯èƒ½è®©ä¸­å›½å…ˆäºç¾å›½è¯ç”Ÿå…¨çƒé¦–ä¸ªXæˆ˜è­¦ï¼Œå…·ä½“æ˜¯ä»€ä¹ˆç‰¹å¼‚åŠŸèƒ½è¿˜æœªçŸ¥ï¼,,[],[],0,0,0,,[],https://twitter.com/wuqifeng1986/status/1068406072585535488,,
1068405569910972417,1068405569910972417,1543562712000,2018-11-30,00:25:12,MST,68915852,litao2009,Tao Li,,æˆ‘å‘ @YouTube æ’­æ”¾åˆ—è¡¨æ·»åŠ äº†ä¸€ä¸ªè§†é¢‘  http://youtu.be/JSyDnB8_mlI?aÂ  è¢è…¾é£èŠåŸºå› ç¼–è¾‘å©´å„¿:æ³•å¾‹ä¼¦ç†å…¨ç„¶ä¸é¡¾,['youtube'],['http://youtu.be/JSyDnB8_mlI?a'],[],0,0,0,,[],https://twitter.com/litao2009/status/1068405569910972417,,
1068403414890012672,1068403414890012672,1543562198000,2018-11-30,00:16:38,MST,948019525655478274,imkuyaer,wmuuiao,,æ¼©æ¶¡ä¸­çš„â€œåŸºå› ç‹‚äººâ€è´ºå»ºå¥ï¼Œåœ¨æ­¤å‰ä¸¤å¤©ï¼Œè¿™ä¸ªæ¹–å—ç±çš„ç§‘å­¦å®¶å®£å¸ƒï¼šä¸€å¯¹åä¸ºéœ²éœ²å’Œå¨œå¨œçš„åŸºå› ç¼–è¾‘åŒèƒèƒå§å¦¹äº11æœˆåœ¨ä¸­å›½å¥åº·è¯ç”Ÿã€‚è¿™åœºâ€œç–¯ç‹‚â€çš„å®éªŒï¼Œéšå³å¼•å‘è½©ç„¶å¤§æ³¢ã€‚  pic.twitter.com/aTKGv0mXgd,,[],['https://pbs.twimg.com/media/DtO7PNEVYAYHRWB.jpg'],0,0,0,,[],https://twitter.com/imkuyaer/status/1068403414890012672,,
1068401908300210177,1068401908300210177,1543561839000,2018-11-30,00:10:39,MST,1066963408006696960,mswtoz4xqafgfgw,å¤§ä¸­åå»ºå›½å§”å‘˜ä¼š,,ã€Šå»ºæ°‘è®ºæ¨å¢™406ã€‹éæ´²å¤–äº¤å¸¦æ¥é‡å¤§è‰¾æ»‹ç—…éšæ‚£ï¼ŒåŸºå› ç¼–è¾‘å‰‘æŒ‡è‰¾æ»‹ç—…ã€‚  https://youtu.be/uc_QKlfJziYÂ  via @YouTube,['youtube'],['https://youtu.be/uc_QKlfJziY'],[],0,0,0,,[],https://twitter.com/MsWToZ4XQAFgfgW/status/1068401908300210177,,
1068400058830413824,1068400058830413824,1543561398000,2018-11-30,00:03:18,MST,705768387528388609,chalkitc,chalkit,,[å›ç­”] å¦‚ä½•è¯„ä»·ä¸–ç•Œé¦–ä¾‹å…ç–«è‰¾æ»‹ç—…çš„åŸºå› ç¼–è¾‘å©´å„¿åœ¨ä¸­å›½è¯ç”Ÿï¼Ÿ  https://www.zhihu.com/question/303673820/answer/541703926Â â€¦  å°±åƒé­åˆ™è¥¿äº‹ä»¶ä¸€æ ·ï¼Œç»Ÿæ²»è€…åˆè¦ä¸€åˆ€åˆ‡äº†ï¼Œä»¥åç›¸å…³ç ”ç©¶ä¸€æ³¢å°æ€,,['https://www.zhihu.com/question/303673820/answer/541703926'],[],0,0,1,,[],https://twitter.com/chalkitC/status/1068400058830413824,,
1068399712829550592,1068399712829550592,1543561316000,2018-11-30,00:01:56,MST,406653812,6474tv,é€ƒç¦»ç´¢æ¯”å ¡ Escape from......,,åŸºå› ç¼–è¾‘æ˜¯å•¥ï¼ŸCRISPR/cas9æŠ€æœ¯å¦‚ä½•ä¿®æ”¹DNAï¼Ÿææ°¸ä¹è€å¸ˆè®²åŸºå› å·¥ç¨‹ï¼ˆ1ï¼‰  https://youtu.be/o1MdiW5UZh0Â  æ¥è‡ª @YouTube,['youtube'],['https://youtu.be/o1MdiW5UZh0'],[],0,0,0,,[],https://twitter.com/6474tv/status/1068399712829550592,,
