,date,HASHTAG,count_hashtag
0,2018-12-12,['KAVANO'],1
3,2018-12-12,"['ONLYYESMEANSYES', '性侵', '我也是']",3
5,2018-12-11,"['梦魔的游记', '梦魔の纪行', '催眠疗法', '喝ㄋㄟㄋㄟ', '伊藤润二', '神交', '变态医生']",7
10,2018-12-09,"['今日中国报', '空姐', '香港']",3
13,2018-12-08,['米兔'],1
15,2018-12-07,['钮承泽'],1
17,2018-12-06,"['钮承泽', 'NIUCHENZER', '豆导', 'DIRECTOR', '光头', 'POLICEOFFICE']",6
18,2018-12-06,['格の违い'],1
20,2018-12-06,"['钮承泽', 'NIUCHENZER', '豆导', 'DIRECTOR', '钮祜禄氏', '慈安太后']",6
22,2018-12-05,"['钮承泽', 'NIUCHENZER', '豆导', 'DIRECTOR', '대만', '台湾', 'TAIWAN', '台湾']",8
25,2018-12-04,"['SYNCFROMMASTODON', '男性为求自保决定远离_METOO运动反使女性陷入孤立', '华尔街', '性骚扰', 'NEWS', '新闻', '即时新闻', '中央社']",8
28,2018-12-04,['从此看到威士忌就反胃'],1
37,2018-11-26,['NOTME'],1
48,2018-11-19,['台湾独立'],1
51,2018-11-18,['越想越不对劲'],1
57,2018-11-17,['SYNCFROMMASTODON'],1
58,2018-11-17,['阿离'],1
62,2018-11-16,"['王永森', '堕楼', 'HK', 'HONGKONG', 'HK01', '香港01']",6
64,2018-11-16,"['自由不自由', '民主不民主']",2
67,2018-11-16,['MURMURS'],1
69,2018-11-16,['HK'],1
77,2018-11-15,['我也是'],1
79,2018-11-14,['红通逃犯'],1
80,2018-11-13,"['BELIEVEWOMEN', 'WEDDINGHOST', 'JANET珍妮']",3
87,2018-11-10,"['遣散费9000万美元是什么概念', '大公司不代表都有好的公司文化']",2
88,2018-11-09,['南韩'],1
97,2018-11-06,"['性骚扰', '突破汇动青年', 'HK', 'HONGKONG', 'HK01', '香港01']",6
98,2018-11-05,"['印度', 'INDIA', '性侵', 'SEXUALINVASION', '医院', 'HOSTPITAL']",6
100,2018-11-04,['朝鲜'],1
103,2018-11-04,"['卡瓦诺性侵案', 'FAKENEWS']",2
105,2018-11-03,['PASDEVAGUE'],1
109,2018-11-01,['GOOGLE'],1
110,2018-11-01,['METOO事件簿'],1
112,2018-10-31,['我支持女权'],1
114,2018-10-30,"['砸锅', '姐姐妹妹站起来']",2
115,2018-10-30,['因涉及重大公共议题已全文公开'],1
119,2018-10-28,"['ANDROID', '安卓之父', 'GOOGLE', 'ANDYRUBIN', 'TECHDAILY']",5
120,2018-10-27,['CHURCHTOO'],1
121,2018-10-27,"['ANDROID', 'ANDYRUBIN', 'GOOGLE']",3
134,2018-10-24,"['寻找岳昕', 'LOOKFORYUEXIN', 'HUMANRIGHTS', 'WORKERS', 'FEMINIST', 'FEMINISMO']",6
139,2018-10-23,"['AOA', '雪炫', 'SEOLHYUN', '설현', '韩国', 'SOUTHKOREA']",6
145,2018-10-22,"['重磅', 'METOO运动一周年之际']",2
146,2018-10-21,"['重磅', 'METOO运动一周年之际']",2
147,2018-10-21,['我也是'],1
162,2018-10-17,['NICOLEKIDMAN'],1
166,2018-10-16,['郭强奸'],1
168,2018-10-16,['HIMTOO'],1
174,2018-10-14,"['美国', 'USA', 'AMERICAN', '赖比瑞亚', 'LIBERIA', '非洲', 'AFRICA', 'SEXUALABUSE', 'MORETHANME', 'MACINTOSHJOHNSON', 'KATIEMEYLER']",11
175,2018-10-14,"['佳片推荐', '女强人', '母亲']",3
178,2018-10-14,"['李偲嫣', 'HK', 'HONGKONG', 'HK01', '香港01']",5
180,2018-10-13,"['郭文贵关了马蕊一年', '郭文贵末日']",2
181,2018-10-12,"['花花公子俱乐部', '兔女郎']",2
182,2018-10-12,"['EVERYWOMAN', 'BELIEVEWOMEN', 'YESALLWOMEN']",3
183,2018-10-11,['末日'],1
184,2018-10-11,['郭文鬼末日'],1
185,2018-10-11,['VOTEBLUE'],1
193,2018-10-09,"['METOOINDIA', 'METOOINDIA']",2
194,2018-10-08,['美国'],1
195,2018-10-08,"['PARAGUAY', '巴拉圭', 'JULIANAVEGA', 'RESIGN', '性骚扰', 'SEXUALHARASSMENT', '外交部', '대만', '台湾', 'TAIWAN', '台湾']",11
201,2018-10-07,"['阿波罗网', '米兔', '左派', '女权运动', '性侵', '性解放']",6
202,2018-10-06,['FORDKAVANAUGH'],1
205,2018-10-06,['DRUMPF'],1
206,2018-10-05,['诺贝尔'],1
208,2018-10-05,"['TIMESUP', 'TARANABURKE', 'HARVEYWEINSTEIN', 'GWYNETHPALTROW', 'ANGELINAJOLIE', 'ALYSSAMILANO', 'UMATHURMAN', 'REESEWITHERSPOON']",8
209,2018-10-05,['我也是'],1
211,2018-10-05,['SUSANCOLLINS'],1
212,2018-10-05,['性行为'],1
213,2018-10-05,"['似曾相识', '内乜嘢郎', '胡大导配', '粤配小先锋', '信错顾问']",5
218,2018-10-05,['USA'],1
224,2018-10-05,['KAVANAUGH'],1
229,2018-10-03,['线上对谈'],1
230,2018-10-03,['IBELIEVEYOU'],1
232,2018-10-02,['METOOMATTERS'],1
233,2018-10-02,['VICE阅读'],1
235,2018-10-02,"['CRISTIANORONALDO', 'KATHRYNMAYORKA']",2
237,2018-10-02,['滋磁米兔'],1
238,2018-10-02,"['WHYIDIDNTREPORT', 'WHYIDIDNTREPORTIT']",2
240,2018-10-01,"['HIMTOO', '福特婊']",2
244,2018-10-01,['METOOMATTERS'],1
248,2018-09-30,"['去你的台湾女权过高', '去你的生女儿最好', '去你的不知道什么是父权红利', '父权烂渣巨婴废物不分男女全都该死']",4
254,2018-09-29,['带来改变'],1
256,2018-09-29,['福特'],1
257,2018-09-29,['卡瓦诺性骚扰调查'],1
261,2018-09-29,"['卡瓦诺性骚扰调查', '米兔']",2
262,2018-09-28,['METOOMATTERS'],1
267,2018-09-28,['美国大法官'],1
271,2018-09-28,"['卡瓦诺性骚扰调查', '米兔']",2
275,2018-09-28,['KAVANAUGHVOTE'],1
276,2018-09-28,['FAKENEWS'],1
277,2018-09-28,['蜜兔'],1
281,2018-09-28,['朱军性骚扰'],1
284,2018-09-28,['KAVANAUGH'],1
286,2018-09-27,"['标哥士比', 'BILLCOSBY']",2
289,2018-09-27,['已经假设佢哋冇讲大话'],1
292,2018-09-27,['WOMEN'],1
295,2018-09-26,"['练锦鸿', '田径教练', '性侵', 'HK', 'HONGKONG', 'HK01', '香港01']",7
299,2018-09-25,"['BILLCOSBY', '比尔寇斯比', 'IWEEKLY', 'I周刊']",4
300,2018-09-25,"['朱军', '米兔']",2
304,2018-09-25,['COSBY'],1
306,2018-09-25,"['SORROW', 'DEPRESSION', 'CAMARADERIE', '大地惊雷']",4
311,2018-09-25,"['朱军', '朱军', '米兔']",3
312,2018-09-25,['METOOMATTERS'],1
315,2018-09-24,"['加拿大要闻', '米兔']",2
318,2018-09-24,"['团圆', '中秋の名月']",2
319,2018-09-24,['米兔'],1
320,2018-09-23,['WOMEN'],1
324,2018-09-21,['FAKENEWS'],1
327,2018-09-21,['不能闭嘴的巨婴'],1
330,2018-09-21,['中国'],1
332,2018-09-20,['中国'],1
333,2018-09-20,"['TIBET', 'TIBETANS', 'NEPAL', 'METOOGURU']",4
336,2018-09-20,['卡瓦诺性侵'],1
342,2018-09-19,['中国'],1
344,2018-09-19,['米兔'],1
345,2018-09-19,['我也是'],1
346,2018-09-18,['反性骚扰'],1
347,2018-09-18,['米兔'],1
354,2018-09-17,"['METOOGURU', 'SEXABUSE', 'HUMANRIGHTS', 'WOMENRIGHT', 'TIBETCAUSE', 'DALAILAMA', 'DORJESHUGDEN', 'BUDDHISM', 'BUDDHA', 'BHODRANGZEN', 'TIBETANYOUTH', 'TIBETANBUDDHISM']",12
355,2018-09-17,['一锅粥'],1
358,2018-09-17,['政治角力'],1
362,2018-09-14,['本周热读'],1
363,2018-09-13,['郭强奸'],1
364,2018-09-13,['米兔'],1
365,2018-09-13,['米兔'],1
370,2018-09-12,['METOOMATTERS'],1
371,2018-09-12,['CENSORSHIP'],1
372,2018-09-12,"['GETONBOARDQLD', 'MUFC', 'ANZSPM18', 'MACMILLER', 'MASTERCHEFAU', '7NEWS', '정국', 'JUNGKOOK', 'RIPMAC', 'RISEFORCLIMATE', 'JK', 'BONVOYAGES3', 'U20WWC', 'YAMATO2202', '9NEWS', 'CROENG', 'THEBACHELORAU', 'QANDA', 'GOOGLEPAY']",19
373,2018-09-12,"['TEACHERSPET', 'ASKACURATOR', 'GETTHEV11PRO', 'SUNRISE18', 'WORLDSUICIDEPREVENTIONDAY', 'MACMILLER', 'MYTAUCKLAND', 'RIPMAC', 'RISEFORCLIMATE', 'SKODAINDIA', 'ENGVIND', 'AFLSWANSGIANTS', 'GALAXYA8STAR']",13
374,2018-09-12,"['MYTAUCKLAND', 'RIPMAC', 'RISEFORCLIMATE', 'SKODAINDIA', 'ENGVIND', 'AFLSWANSGIANTS', 'GALAXYA8STAR', 'TEACHERSPET', 'ASKACURATOR', 'GETTHEV11PRO', 'SUNRISE18', 'WORLDSUICIDEPREVENTIONDAY', 'MACMILLER']",13
375,2018-09-12,"['GETTHEV11PRO', 'SUNRISE18', 'ASKACURATOR', 'WORLDSUICIDEPREVENTIONDAY', 'MACMILLER', 'MYTAUCKLAND', 'RIPMAC', 'RISEFORCLIMATE', 'SKODAINDIA', 'ENGVIND', 'AFLSWANSGIANTS', 'GALAXYA8STAR', 'TEACHERSPET']",13
376,2018-09-12,"['GETTHEV11PRO', 'SUNRISE18', 'ASKACURATOR', 'WORLDSUICIDEPREVENTIONDAY', 'MACMILLER', 'MYTAUCKLAND', 'RIPMAC', 'RISEFORCLIMATE', 'SKODAINDIA', 'ENGVIND', 'AFLSWANSGIANTS', 'GALAXYA8STAR', 'TEACHERSPET']",13
378,2018-09-10,['米兔'],1
380,2018-09-10,"['京东', '刘强东', '金盛集团', '中国经济', 'USA', 'KOREA']",6
386,2018-09-10,"['性骚扰', '性侵害', '蒐证调查', '心理咨商', '立达征信社']",5
387,2018-09-09,['LESLIEMOONVES'],1
390,2018-09-08,"['米兔', '性骚扰']",2
392,2018-09-08,"['U20WWC', 'THEBACHELORAU', 'GOOGLEPAYLEIDERS', 'GETONBOARDQLD', 'ANZSPM18', 'MACMILLER', 'MYTAUCKLAND', 'RIPMAC', 'RISEFORCLIMATE', 'FAIRFUNDINGNOW', 'SKODAINDIA', 'AFLSWANSGIANTS', 'NRLPANTHERSWARRIORS', 'NRLW', 'GOSWANS', 'BEGIANT', 'MASTERCHEFAU', '7NEWS']",18
393,2018-09-08,"['U20WWC', 'THEBACHELORAU', 'GOOGLEPAYLEIDERS', 'GETONBOARDQLD', 'ANZSPM18', 'MACMILLER', 'MYTAUCKLAND', 'RIPMAC', 'RISEFORCLIMATE', 'FAIRFUNDINGNOW', 'SKODAINDIA', 'AFLSWANSGIANTS', 'NRLPANTHERSWARRIORS', 'NRLW', 'GOSWANS']",15
394,2018-09-08,"['U20WWC', 'YAMATO2202', 'CROENG', 'THEBACHELORAU', 'GOOGLEPAYLEIDERS', 'GETONBOARDQLD', 'ANZSPM18', 'MACMILLER', 'MYTAUCKLAND', 'RIPMAC', 'RISEFORCLIMATE', 'FAIRFUNDINGNOW', 'SKODAINDIA', 'AFLSWANSGIANTS', 'NRLPANTHERSWARRIORS', 'NRLW', 'GOSWANS']",17
395,2018-09-07,"['GETONBOARDQLD', 'MUFC', 'ANZSPM18', 'MACMILLER', 'MASTERCHEFAU', '7NEWS', 'MYTAUCKLAND', 'RIPMAC', 'RISEFORCLIMATE', 'FAIRFUNDINGNOW', 'U20WWC', 'YAMATO2202', '9NEWS', 'CROENG', 'THEBACHELORAU', 'QANDA', 'GOOGLEPAY']",17
396,2018-09-07,['NOTME'],1
397,2018-09-07,['米兔'],1
398,2018-09-07,['NOTME'],1
399,2018-09-07,['米兔'],1
400,2018-09-07,['MEETOO'],1
401,2018-09-07,['NOTME'],1
403,2018-09-06,['NOTME'],1
404,2018-09-06,"['朱军性骚扰', '米兔']",2
406,2018-09-06,['METOOCHINA'],1
407,2018-09-06,"['GETONBOARDQLD', 'MUFC', 'BTSPORTSCORE', 'CRAZYRICHASIANS', 'MASTERCHEFAU', '7NEWS', 'MYTAUCKLAND', 'PAYPAL', 'CASHAPP', 'FAIRFUNDINGNOW', 'U20WWC', 'YAMATO2202', '9NEWS', 'CROENG', 'THEBACHELORAU', 'QANDA', 'GOOGLEPAY']",17
408,2018-09-05,['疼痛之墙'],1
409,2018-09-05,"['DESIGNABAGEVERYDAY', 'FASHIONNOVA', 'FASHIONWEEK', 'FASHIONMUSICBOOK', 'LUXURY', 'DESIGNER', 'STYLEBOOK', 'STYLE', 'STYLEBLOGGER', 'STYLEINSPIRATION', 'STYLEBOOK', 'LOOKBOOKLOOKBOOK', 'LOOKBOOK', 'VOGUE', 'LOOKINGFORLOVE']",15
412,2018-09-05,['米兔'],1
415,2018-09-04,"['GETONBOARDQLD', 'MUFC', 'BTSPORTSCORE', 'CRAZYRICHASIANS', 'MASTERCHEFAU', '7NEWS', 'MYTAUCKLAND', 'SPRINGST', 'AUSPOL', 'FAIRFUNDINGNOW', 'U20WWC', '7NEWSMELB', '9NEWS', 'CROENG', 'THEBACHELORAU', 'QANDA', 'GOOGLEPAY']",17
416,2018-09-04,"['GETONBOARDQLD', 'MUFC', 'BTSPORTSCORE', 'CRAZYRICHASIANS', 'MASTERCHEFAU', '7NEWS', 'MYTAUCKLAND', 'SPRINGST', 'AUSPOL', 'FAIRFUNDINGNOW', 'U20WWC', '7NEWSMELB', '9NEWS', 'CROENG', 'THEBACHELORAU', 'QANDA', 'GOOGLEPAY']",17
417,2018-09-04,['米兔'],1
419,2018-09-04,['米兔'],1
420,2018-09-04,['NGOCN'],1
422,2018-09-04,"['朱军', '米兔']",2
423,2018-09-04,"['朱军', '米兔']",2
425,2018-09-03,"['GETONBOARDQLD', 'MUFC', 'BTSPORTSCORE', 'CRAZYRICHASIANS', 'MASTERCHEFAU', '7NEWS', 'MYTAUCKLAND', 'PAYPAL', 'CASHAPP', 'FAIRFUNDINGNOW', 'U20WWC', 'YAMATO2202', '9NEWS', 'CROENG', 'THEBACHELORAU', 'QANDA', 'GOOGLEPAY']",17
426,2018-09-03,"['GETONBOARDQLD', 'MUFC', 'BTSPORTSCORE', 'CRAZYRICHASIANS', 'MASTERCHEFAU', '7NEWS', 'MYTAUCKLAND', 'PAYPAL', 'CASHAPP', 'FAIRFUNDINGNOW', 'U20WWC', 'YAMATO2202', '9NEWS', 'CROENG', 'THEBACHELORAU', 'QANDA', 'GOOGLEPAY']",17
427,2018-09-03,"['GETONBOARDQLD', 'MUFC', 'BTSPORTSCORE', 'CRAZYRICHASIANS', 'MASTERCHEFAU', '7NEWS', 'MYTAUCKLAND', 'PAYPAL', 'CASHAPP', 'VENMO', 'FAIRFUNDINGNOW', 'U20WWC', 'YAMATO2202', '9NEWS', 'CROENG', 'THEBACHELORAU', 'AAH18', 'GOOGLEPAY']",18
431,2018-09-02,['CINA'],1
432,2018-09-02,['网曝大陆知名电商京东刘强东在美性侵女大学生被警方逮捕'],1
433,2018-09-02,['社交工程'],1
437,2018-09-02,"['香蕉左', '小粉绿', 'WOMEN', '圣三一']",4
438,2018-09-01,['WOMEN'],1
450,2018-08-30,"['GETONBOARDQLD', 'MUFC', 'BTSPORTSCORE', 'CRAZYRICHASIANS', 'MASTERCHEFAU', '7NEWS', 'MYTAUCKLAND', 'PAYPAL', 'CASHAPP', 'VENMO', 'ZELLE', 'U20WWC', 'YAMATO2202', '9NEWS', 'CROENG', 'THEBACHELORAU', 'AAH18', '4S2018', 'GOOGLEPAY']",19
451,2018-08-30,"['GETONBOARDQLD', 'MUFC', 'BTSPORTSCORE', 'CRAZYRICHASIANS', 'MASTERCHEFAU', '7NEWS', 'MYTAUCKLAND', 'PAYPAL', 'CASHAPP', 'VENMO', 'ZELLE', 'U20WWC', 'YAMATO2202', '9NEWS', 'CROENG', 'THEBACHELORAU', 'AAH18', '4S2018', 'GOOGLEPAY']",19
452,2018-08-30,"['GETONBOARDQLD', 'MUFC', 'BTSPORTSCORE', 'CRAZYRICHASIANS', 'MASTERCHEFAU', '7NEWS', 'MYTAUCKLAND', 'PAYPAL', 'CASHAPP', 'VENMO', 'ZELLE', 'U20WWC', 'YAMATO2202', '9NEWS', 'CROENG', 'THEBACHELORAU', 'AAH18', '4S2018', 'GOOGLEPAY']",19
453,2018-08-29,"['滴滴打车', 'TAXI', 'UBER', 'DIDICHUXING', '性侵']",5
455,2018-08-28,['米兔'],1
456,2018-08-28,['日本'],1
465,2018-08-24,"['性别', '性侵', '杰哥']",3
466,2018-08-24,"['性别', '性侵', '杰哥']",3
470,2018-08-24,['恋童癖'],1
473,2018-08-24,"['美国网路新闻奖', 'SUPPLYCHAIN', '供应链调查', 'IJASIA18', '报道亚洲大会18']",5
475,2018-08-24,['YOUTOO'],1
477,2018-08-23,"['CHINA', 'DIARY']",2
478,2018-08-23,['那她的目的是什么'],1
479,2018-08-23,"['鸿茅药酒', '假疫苗', '明星逃税', 'P2P', '龙泉寺', '山东寿光', '深圳坪山', '租金爆涨']",8
486,2018-08-23,"['DISABLED', 'RELIGION', 'EMIGRATION', 'NATIONALITY']",4
489,2018-08-22,['WOMENLIVINGCHINA'],1
491,2018-08-22,"['ASIAARGENTO', 'JIMMYBENNETT']",2
495,2018-08-22,"['观点', '我也是']",2
503,2018-08-21,['以上帝的名义'],1
508,2018-08-20,"['ASIAARGENTO', 'MENUSNOHK']",2
510,2018-08-20,"['关键国际', '义大利', '艾莎阿基多', '好莱坞', '性侵', '性骚扰', '童星', '创伤', '受害者', '加害者']",10
513,2018-08-20,"['ASIAARGENTO', 'JIMMYBENNETT', '艾希亚阿基多', '吉米班奈特']",4
516,2018-08-20,"['ASIAARGENTO', 'NYT']",2
517,2018-08-20,['METOOMATTERS'],1
518,2018-08-20,['CHINA'],1
523,2018-08-19,"['大连中院庭审', '郭文鬼末日']",2
524,2018-08-19,"['KEVINSPACEY', 'SCANDAL', 'BOXOFFICE', '票房', '凯文史贝西', '丑闻', '亿万男孩俱乐部', 'BILLIONAIREBOYSCLUB']",8
527,2018-08-19,['我也是'],1
540,2018-08-16,['米兔'],1
543,2018-08-16,['米兔'],1
544,2018-08-16,['以上帝之名'],1
545,2018-08-15,['释昭慧'],1
549,2018-08-15,"['共产佛教', '魔鬼在统治我们的世界', '性侵', 'CCP', 'COMMUNISTPARTY', 'CHINA', '性丑闻', '释学诚', 'FAKEMONK']",9
551,2018-08-15,"['中国', '中囯', 'CHINA', '佛教', '释学诚', '性丑闻']",6
552,2018-08-15,['TRUTHCN'],1
556,2018-08-15,"['被删后', '偶也一样', '来代替了']",3
557,2018-08-15,"['关键国际', '性侵', '南韩', '总统', '安熙正', '文在寅接班人']",6
562,2018-08-14,"['经济罪犯郭文贵', '郭文鬼末日']",2
563,2018-08-14,"['韩国', 'KOREA', '安熙正', 'アン', '안희정']",5
564,2018-08-14,"['去你的台湾女权过高', '去你的生女儿最好', '去你的不知道什么是父权红利', '父权烂渣巨婴废物不分男女全都该死']",4
566,2018-08-13,['女权运动'],1
573,2018-08-12,['中国'],1
575,2018-08-12,['中国'],1
576,2018-08-12,['METOOMATTERS'],1
583,2018-08-10,"['日本', 'JAPAN', '写真', '写真', '石川优实', '石川优实', 'YUMIISHIKAWA']",7
586,2018-08-09,['沈从文'],1
591,2018-08-08,['METOOCHINA'],1
592,2018-08-08,['METOOCHINA'],1
593,2018-08-08,"['脸书', '直播', '秦伟', '性侵', '性侵得逞', '爆料', '丑闻']",7
606,2018-08-07,['发错论坛了吧北七'],1
608,2018-08-07,['LGBT'],1
613,2018-08-06,['读者来函'],1
619,2018-08-05,"['METOO投诉扩至警队', '香港警队', '女警投诉', '包庇警长', '性骚扰', '谭香文', '公务员内部调查机制', '漏洞']",8
621,2018-08-05,"['ASU', 'KRAUSS']",2
626,2018-08-04,['性侵'],1
631,2018-08-03,['LGBTQ'],1
632,2018-08-03,"['龙泉寺', '性侵', 'METOOINCHINA', 'XI', 'XIJINPING', 'CHINA']",6
642,2018-08-03,"['习近平', '龙泉寺', '性侵', 'CHINA', 'XINJINPING', 'XI']",6
646,2018-08-02,['METOOCHINA'],1
648,2018-08-02,['METOO大辩论'],1
649,2018-08-02,"['阿弥陀佛', '阿METOO佛', '大和尚', '释学诚']",4
650,2018-08-02,"['ASUKATEAM女王团队', 'KCW经销商ASUKA']",2
651,2018-08-02,['CASTLEROCK'],1
653,2018-08-02,"['CHINA', '中国', '泛亚', 'XIJINPING', '董瑶琼', '岳昕', 'ABC', 'AFP', 'TRUMP', 'BBC', 'CNN', 'FOXNEWSUS', 'FT', 'NEWS', 'HUAWEI', 'REUTERS', 'PANDA', 'RFI', 'RT', 'SINA', 'TVB', 'CCTV', 'UN', 'WORLDNEWS', 'WTO', 'GOOGLE', 'ZTE', '一带一路', '厉害了', '中国制造2025', '美中贸易战', '新唐人', '新华社', 'WTO']",34
654,2018-08-02,"['CHINA', '中国', '泛亚', 'XIJINPING', '董瑶琼', '岳昕', 'ABC', 'AFP', 'TRUMP', 'BBC', 'CNN', 'FOXNEWSUS', 'FT', 'NEWS', 'HUAWEI', 'REUTERS', 'PANDA', 'RFI', 'RT', 'SINA', 'TVB', 'CCTV', 'UN', 'WORLDNEWS', 'WTO', 'GOOGLE', 'ZTE', '一带一路', '厉害了', '中国制造2025', '美中贸易战', '新唐人', '新华社', 'WTO']",34
655,2018-08-02,"['释学诚', '佛教协会会长', '大和尚']",3
660,2018-08-02,['胶事录特约转载'],1
667,2018-08-02,['SINGAPORE'],1
668,2018-08-02,['METOO大辩论'],1
669,2018-08-02,"['色即是空', '空即是色', '今日中国报']",3
673,2018-08-01,['WOMEN'],1
674,2018-08-01,"['俺也一样', '老子也是']",2
681,2018-08-01,['METOO大辩论'],1
692,2018-08-01,['METOOINCHINA'],1
693,2018-08-01,['实锤并没有下落'],1
699,2018-08-01,['活久见'],1
717,2018-08-01,"['I', '超级话题内容不定时更新']",2
722,2018-08-01,['METOOMATTERS'],1
733,2018-07-31,"['此帐号已被屏蔽', 'CHINA', 'METOOCHINA', 'CENSORED', 'WECHAT']",5
744,2018-07-31,"['与神同行', 'ALONGWITHGODS', '신과함께', '与神同行2', '吴达秀', '吴达洙', '오달수', '赵汉哲', '조한철', '金明坤', '김명곤', '韩国', 'SOUTHKOREA']",13
765,2018-07-31,"['时事大家谈', '性骚扰', '米兔在中国', 'METOOINCHINA']",4
778,2018-07-31,['老子也是'],1
780,2018-07-31,"['I', '超级话题内容不定时更新']",2
786,2018-07-30,"['CHINA', '中国', '泛亚', 'XIJINPING', '董瑶琼', '岳昕', 'ABC', 'AFP', 'TRUMP', 'BBC', 'CNN', 'FOXNEWSUS', 'FT', 'NEWS', 'HUAWEI', 'REUTERS', 'PANDA', 'RFI', 'RT', 'SINA', 'TVB', 'CCTV', 'UN', 'WORLDNEWS', 'WTO', 'GOOGLE', 'ZTE', '一带一路', '厉害了', '中国制造2025', '美中贸易战', '新唐人', '新华社', 'WTO']",34
787,2018-07-30,"['CHINA', '中国', '泛亚', 'XIJINPING', '董瑶琼', '岳昕', 'ABC', 'AFP', 'TRUMP', 'BBC', 'CNN', 'FOXNEWSUS', 'FT', 'NEWS', 'HUAWEI', 'REUTERS', 'PANDA', 'RFI', 'RT', 'SINA', 'TVB', 'CCTV', 'UN', 'WORLDNEWS', 'WTO', 'GOOGLE', 'ZTE', '一带一路', '厉害了', '中国制造2025', '美中贸易战', '新唐人', '新华社', 'WTO']",34
788,2018-07-30,"['CHINA', '中国', '泛亚', 'XIJINPING', '董瑶琼', '岳昕', 'ABC', 'AFP', 'TRUMP', 'BBC', 'CNN', 'FOXNEWSUS', 'FT', 'NEWS', 'HUAWEI', 'REUTERS', 'PANDA', 'RFI', 'RT', 'SINA', 'TVB', 'CCTV', 'UN', 'WORLDNEWS', 'WTO', 'GOOGLE', 'ZTE', '一带一路', '厉害了', '中国制造2025', '美中贸易战', '新唐人', '新华社', 'WTO']",34
795,2018-07-30,['METOOMATTERS'],1
808,2018-07-30,['YOUTOO了'],1
819,2018-07-30,"['CHINA', '面对性侵不该沉默']",2
823,2018-07-30,"['CHINA', '中国', '泛亚', 'XIJINPING', '董瑶琼', '岳昕', 'ABC', 'AFP', 'TRUMP', 'BBC', 'CNN', 'FOXNEWSUS', 'FT', 'NEWS', 'HUAWEI', 'REUTERS', 'PANDA', 'RFI', 'RT', 'SINA', 'TVB', 'CCTV', 'UN', 'WORLDNEWS', 'WTO', 'GOOGLE', 'ZTE', '一带一路', '厉害了', '中国制造2025', '美中贸易战', '新唐人', '新华社', 'WTO']",34
824,2018-07-30,"['CHINA', '中国', '泛亚', 'XIJINPING', '董瑶琼', '岳昕', 'ABC', 'AFP', 'TRUMP', 'BBC', 'CNN', 'FOXNEWSUS', 'FT', 'NEWS', 'HUAWEI', 'REUTERS', 'PANDA', 'RFI', 'RT', 'SINA', 'TVB', 'CCTV', 'UN', 'WORLDNEWS', 'WTO', 'GOOGLE', 'ZTE', '一带一路', '厉害了', '中国制造2025', '美中贸易战', '新唐人', '新华社', 'WTO']",34
825,2018-07-30,['金融难民维权'],1
828,2018-07-30,['我也是'],1
831,2018-07-30,"['女强人', '中国女权']",2
832,2018-07-30,"['性骚扰获刑第一案', 'METOOCHINA', '女强人', '姐姐妹妹站起来']",4
833,2018-07-30,['性骚扰民事诉讼第一案'],1
834,2018-07-30,"['性犯罪', '性侵犯']",2
836,2018-07-30,['性侵犯'],1
837,2018-07-30,"['CHINA', '中国', '泛亚', 'XIJINPING', '董瑶琼', '岳昕', 'ABC', 'AFP', 'TRUMP', 'BBC', 'CNN', 'FOXNEWSUS', 'FT', 'NEWS', 'HUAWEI', 'REUTERS', 'PANDA', 'RFI', 'RT', 'SINA', 'TVB', 'CCTV', 'UN', 'WORLDNEWS', 'WTO', 'GOOGLE', 'ZTE', '一带一路', '厉害了', '中国制造2025', '美中贸易战', '新唐人', '新华社', 'WTO']",34
839,2018-07-30,['砸锅'],1
840,2018-07-30,"['CHINA', '中国', '泛亚', 'XIJINPING', '董瑶琼', '岳昕', '沈梦雨', 'ABC', 'AFP', 'TRUMP', 'BBC', 'CNN', 'FOXNEWSUS', 'FT']",14
841,2018-07-30,"['CHINA', '中国', '泛亚', 'XIJINPING', '董瑶琼', '岳昕', '沈梦雨', 'ABC', 'AFP', 'TRUMP', 'BBC', 'CNN', 'FOXNEWSUS', 'FT']",14
842,2018-07-30,"['CHINA', '中国', '泛亚', 'XIJINPING', '董瑶琼', '岳昕', '沈梦雨', 'ABC', 'AFP', 'TRUMP', 'BBC', 'CNN', 'FOXNEWSUS', 'FT']",14
843,2018-07-30,"['CHINA', '中国', '泛亚', 'XIJINPING', '董瑶琼', '岳昕', '沈梦雨', 'ABC', 'AFP', 'TRUMP', 'BBC', 'CNN', 'FOXNEWSUS', 'FT']",14
844,2018-07-30,"['CHINA', '中国', '泛亚', 'XIJINPING', '董瑶琼', '岳昕', '沈梦雨', 'ABC', 'AFP', 'TRUMP', 'BBC', 'CNN', 'FOXNEWSUS', 'FT']",14
845,2018-07-30,"['CHINA', '中国', '泛亚', 'XIJINPING', '董瑶琼', '岳昕', '沈梦雨', 'ABC', 'AFP', 'TRUMP', 'BBC', 'CNN', 'FOXNEWSUS', 'FT']",14
846,2018-07-30,"['CHINA', '中国', '泛亚', 'XIJINPING', '董瑶琼', '岳昕', '沈梦雨', 'ABC', 'AFP', 'TRUMP', 'BBC', 'CNN', 'FOXNEWSUS', 'FT']",14
847,2018-07-30,"['METOO反性侵运动浩浩荡荡', '俺也一样']",2
848,2018-07-30,"['性侵害', '性骚扰', 'METOOCHINA']",3
849,2018-07-30,['METOOCHINA'],1
850,2018-07-30,"['CHINA', '中国', '泛亚', 'XIJINPING', '董瑶琼', '岳昕', 'ABC', 'AFP', 'TRUMP', 'BBC', 'CNN', 'FOXNEWSUS', 'FT', 'NEWS', 'HUAWEI', 'REUTERS', 'PANDA', 'RFI', 'RT', 'SINA', 'TVB', 'CCTV', 'UN', 'WORLDNEWS', 'WTO', 'GOOGLE', 'ZTE', '一带一路', '厉害了', '中国制造2025', '美中贸易战', '新唐人', '新华社', 'WTO']",34
851,2018-07-30,['METOOCHINA'],1
853,2018-07-30,"['CHINA', '中国', '泛亚', 'XIJINPING', '董瑶琼', '岳昕', 'ABC', 'AFP', 'TRUMP', 'BBC', 'CNN', 'FOXNEWSUS', 'FT', 'NEWS', 'HUAWEI', 'REUTERS', 'PANDA', 'RFI', 'RT', 'SINA', 'TVB', 'CCTV', 'UN', 'WORLDNEWS', 'WTO', 'GOOGLE', 'ZTE', '一带一路', '厉害了', '中国制造2025', '美中贸易战', '新唐人', '新华社', 'WTO']",34
854,2018-07-30,"['METOOCHINA', '女强人', '姐姐妹妹站起来']",3
855,2018-07-30,['自由主义'],1
856,2018-07-30,"['CHINA', '中国', '泛亚', 'XIJINPING', '董瑶琼', '岳昕', 'ABC', 'AFP', 'TRUMP', 'BBC', 'CNN', 'FOXNEWSUS', 'FT', 'NEWS', 'HUAWEI', 'REUTERS', 'PANDA', 'RFI', 'RT', 'SINA', 'TVB', 'CCTV', 'UN', 'WORLDNEWS', 'WTO', 'GOOGLE', 'ZTE', '一带一路', '厉害了', '中国制造2025', '美中贸易战', '新唐人', '新华社', 'WTO']",34
872,2018-07-29,['METOOMATTERS'],1
875,2018-07-29,['迷笛'],1
878,2018-07-29,"['女强人', 'METOOCHINA']",2
880,2018-07-29,['METOOINCHINA'],1
885,2018-07-29,"['女生说是强奸就是强奸啊', '辖区员警为何不相信女生店员想要强奸她', '无所不在的厌女文化', '父权遗毒']",4
886,2018-07-29,"['老婆比我多看一眼', '我也看了两眼']",2
887,2018-07-29,['不寻常国度'],1
889,2018-07-29,['METOO是以ME出发'],1
892,2018-07-29,"['程序正义', '无罪推定']",2
897,2018-07-29,['郭强奸'],1
904,2018-07-29,['METOOINCHINA'],1
908,2018-07-29,"['老子也是', '俺也这样', '凑他妈老子也是']",3
914,2018-07-29,"['CHINA', '中国', '泛亚', 'XIJINPING', 'TAIWAN', 'ABC', 'AFP', 'BBC', 'CNN', 'FT', 'GOOGLE', 'NEWS', 'POWERTV', 'ZTE', 'TVB', 'REUTERS', '佳士', '拼多多', 'XIJINPING', 'BREAKING', 'ABOLUOWANG', 'GOOGLE', 'BAIDU', 'SHOWTIME', 'WORLDNEWS']",25
915,2018-07-29,"['CHINA', '中国', '泛亚', 'XIJINPING', 'TAIWAN', 'ABC', 'AFP', 'BBC', 'CNN', 'FT', 'GOOGLE', 'NEWS', 'POWERTV', 'ZTE', 'TVB', 'REUTERS', '佳士', '拼多多', 'XIJINPING', 'BREAKING', 'ABOLUOWANG', 'GOOGLE', 'BAIDU', 'SHOWTIME', 'WORLDNEWS']",25
916,2018-07-29,"['CHINA', '中国', '泛亚', 'XIJINPING', 'TAIWAN', 'ABC', 'AFP', 'BBC', 'CNN', 'FT', 'GOOGLE', 'NEWS', 'POWERTV', 'ZTE', 'TVB', 'REUTERS', '佳士', '拼多多', 'XIJINPING', 'BREAKING', 'ABOLUOWANG', 'GOOGLE', 'BAIDU', 'SHOWTIME', 'WORLDNEWS']",25
918,2018-07-28,['METOOINCHINA'],1
925,2018-07-28,['孙金昱'],1
926,2018-07-28,['METOOCHINA'],1
929,2018-07-28,['我不知道'],1
938,2018-07-28,"['豆瓣', '米兔']",2
941,2018-07-28,['看乐子'],1
944,2018-07-28,"['陪酒', '陪睡上百次', '潜规则', '张紫妍', '流星花园', '性侵', '性朝贡']",7
972,2018-07-28,['METOOMATTERS'],1
977,2018-07-28,['一个看法'],1
990,2018-07-28,"['张紫妍', '韩国', 'SOUTHKOREA', 'JANGJAYEON', '장자연']",5
991,2018-07-27,"['中国米兔', '俺也是', '老子也是']",3
992,2018-07-27,"['老子也是', '俺也这样']",2
994,2018-07-27,['METOOMATTERS'],1
999,2018-07-27,"['IT八卦', '疫苗']",2
1000,2018-07-27,['女权即人权'],1
1006,2018-07-27,['METOOCHINA'],1
1017,2018-07-27,"['米兔', '朱军', '性侵']",3
1027,2018-07-27,"['外流', '强奸', '强奸犯', '强奸罪', '性侵犯', '法学家', '赵秉志']",7
1034,2018-07-27,"['中国', '中国', 'CHINA', '羽球', '张伟', '张伟']",6
1035,2018-07-27,['METOOCHINA'],1
1036,2018-07-27,"['俺也一样', '老子也是']",2
1037,2018-07-27,"['朱军', '张冕', '沙叶新', '香港', '村上春树', '中国新闻', '段友儒', '明镜火拍']",8
1038,2018-07-27,"['韩国', 'SOUTHKOREA', '张紫妍', 'JANGJAYEON', '장자연']",5
1048,2018-07-27,['我也是'],1
1050,2018-07-27,"['沙叶新', '香港', '中国新闻', '段友儒', '明镜火拍']",5
1057,2018-07-27,['METOOCHINA'],1
1060,2018-07-27,['METOOMATTERS'],1
1062,2018-07-26,"['METOOCHINA', 'METOO微博封了我转发许可权']",2
1067,2018-07-26,['METOOCHINA'],1
1070,2018-07-26,['占领华尔街运动'],1
1071,2018-07-26,"['中国METOO', 'METOOCHINA']",2
1074,2018-07-26,['米兔'],1
1075,2018-07-26,['METOOCHINA'],1
1077,2018-07-26,['METOOCHINA'],1
1078,2018-07-26,['METOOCHINA'],1
1079,2018-07-26,"['CHINA', 'HUMANRIGHTS', 'CENSORSHIP']",3
1080,2018-07-26,"['我也是', '性侵案']",2
1081,2018-07-26,['经济犯郭文贵'],1
1088,2018-07-26,"['我也是', '性侵案']",2
1089,2018-07-26,"['我也是', '性侵案']",2
1091,2018-07-26,['疫苗危机'],1
1104,2018-07-26,"['韭菜漫画', '米兔', 'METOOCHINA']",3
1105,2018-07-26,['WEIBO'],1
1108,2018-07-26,"['疫苗', '健忘是这个民族最大的优点']",2
1112,2018-07-26,"['五毛党', '魔教', '假疫苗']",3
1118,2018-07-26,['中国'],1
1119,2018-07-26,['赵秉志'],1
1121,2018-07-26,['METOOCHINA'],1
1131,2018-07-26,"['METOOCHINA', '米兔']",2
1144,2018-07-25,['METOOMATTERS'],1
1148,2018-07-25,['朱军'],1
1152,2018-07-25,"['阴谋论', '毒疫苗', '贸易战与经济和金融危机关注']",3
1154,2018-07-25,['朱军'],1
1159,2018-07-25,"['朱军', '性侵', '疫苗事件']",3
1164,2018-07-25,"['朱军', '疫苗事件', '疫苗', '今天的我居然还是共产主义好青年']",4
1173,2018-07-25,"['公益圈ME', '面对性侵不该沉默']",2
1178,2018-07-25,['砸锅'],1
1180,2018-07-25,['蒋方舟'],1
1184,2018-07-25,['朱军'],1
1185,2018-07-25,['朱军'],1
1194,2018-07-25,['章文'],1
1210,2018-07-24,['CHINA'],1
1215,2018-07-23,"['校园性侵', '职场性侵']",2
1218,2018-07-23,"['METOOINCHINA', '声援']",2
1221,2018-07-22,"['KIMEUNHEE', '南韩', 'SOUTHKOREA']",3
1226,2018-07-21,"['SOUTHKOREA', '韩国']",2
1242,2018-07-17,['哈维韦斯坦'],1
1249,2018-07-14,['我也是'],1
1253,2018-07-12,['强国'],1
1255,2018-07-11,"['CENSORED', 'CHINA', 'SEXSCANDAL']",3
1258,2018-07-10,"['BONJOURLESAMIS', 'CIAOAMICI', 'BOMDIAAMIGOS', 'GOODMORNINGFRIENDS', '早上好', 'صباح', 'おはようございます', 'STOPHARASSEMENT']",8
1260,2018-07-10,['CENSORED'],1
1271,2018-07-01,['ＭETOO'],1
1272,2018-07-01,"['AV', '性骚', 'STU48', '森香穗', 'もりかほ', 'かほたる']",6
1273,2018-07-01,"['倪立贤', '博爱潮语浸信会东头堂', '性别公义事工']",3
1274,2018-07-01,"['OKUMANAMI', 'IWEEKLY']",2
1275,2018-06-30,['CHINA'],1
1276,2018-06-30,['CHURCHTOO'],1
1277,2018-06-30,['CHURCHTOO'],1
1278,2018-06-29,['OSCARSSOWHITE'],1
1280,2018-06-29,"['性侵', '韩国', 'SOUTHKOREA', '张紫妍', 'JANGJAYEON', '장자연']",6
1281,2018-06-27,"['HARVEYWEINSTEIN', 'GIUSEPPECIPRIANI']",2
1282,2018-06-27,['黎明'],1
1287,2018-06-25,['YESALLMEN'],1
1292,2018-06-24,"['成人片', 'NIKKIBENZ', 'RAMONNOMAR', '性侵', '体位', '色情', 'HARDCORE']",7
1293,2018-06-23,"['博爱潮语浸信会东头堂', '倪立贀', 'CHURCHTOO']",3
1294,2018-06-23,"['倪立贀', '博爱潮语浸信会东头堂', 'CHURCHTOO']",3
1298,2018-06-22,['女权之声'],1
1299,2018-06-22,"['性侵', '恐吓', '曹在显', '韩国', 'SOUTHKOREA', '조재현']",6
1301,2018-06-21,['女权之声'],1
1303,2018-06-20,"['曹在显', '韩国', 'SOUTHKOREA', '조재현']",4
1306,2018-06-19,"['LUCYHALE', 'IWEEKLY', 'I周刊']",3
1307,2018-06-19,['找到事实'],1
1308,2018-06-19,['TIMESUP'],1
1309,2018-06-18,['USA'],1
1311,2018-06-17,"['性别', '负评', '污告']",3
1312,2018-06-16,"['中国', '中囯', 'CHINA', '梁羽生文学奖', '林奕含', '房思琪的初恋乐园', '房思琪的初恋乐园']",7
1313,2018-06-16,['红鸨特工'],1
1314,2018-06-16,"['空知英秋', 'GINTAMA', '银魂']",3
1315,2018-06-16,['MGTOW'],1
1320,2018-06-14,"['席维斯史特龙', '强暴', 'SYLVESTERSTALLONE', 'STALLONE', 'RAPE']",5
1321,2018-06-13,['为那些不能发声的孩子发声'],1
1329,2018-06-09,"['美国小姐', '百度', '传播色情', '物化女性']",4
1330,2018-06-09,"['有屌真好', '去你的生女儿最好', '去你的不知道什么是父权红利', '去你的台湾女权过高', '父权烂渣巨婴废物不分男女全都该死']",5
1331,2018-06-07,"['新唐人亚太台MOD320频道与您相见', '国际NTD', '美国小姐', '选美', '泳装']",5
1332,2018-06-07,"['有屌真好', '玻璃睾丸易碎品', '去你的生女儿最好', '去你的不知道什么是父权红利', '去你的台湾女权过高', '父权烂渣巨婴废物不分男女全都该死']",6
1335,2018-06-07,"['跨性关系', '无性恋', '虐待', '性侵', '幸存者']",5
1338,2018-06-05,"['色新闻', '比基尼', '女权', '美国小姐']",4
1339,2018-06-05,"['HOLLYWOOD', 'HARVEYWEINSTEIN']",2
1344,2018-06-04,['砸锅'],1
1346,2018-06-03,['我要讨厌你五分钟'],1
1350,2018-05-31,['西诺起诉'],1
1351,2018-05-31,['砸锅'],1
1352,2018-05-31,"['砸锅', '西诺控诉']",2
1354,2018-05-31,"['一级秘密', 'TOPSECRET', 'TST', '庚河', 'JSLCOMPANY', '경하', 'KYEONGHA']",7
1358,2018-05-26,"['米兔', 'COME']",2
1360,2018-05-25,['HARVEYWEINSTEIN'],1
1362,2018-05-25,"['好莱坞罪恶之都', 'WEINSTEIN']",2
1363,2018-05-25,['韦恩斯坦'],1
1365,2018-05-25,['MORGANFREEMAN'],1
1367,2018-05-25,['WEINSTEIN'],1
1370,2018-05-25,"['摩根佛利曼', 'MORGANFREEMAN', 'METOOMOVEMENT', '性骚']",4
1371,2018-05-24,['MORGANFREEMAN'],1
1374,2018-05-24,['苏话说'],1
1380,2018-05-23,['我也是'],1
1381,2018-05-23,['CHINA'],1
1387,2018-05-21,"['SUZY', '秀智', '杨艺媛事件']",3
1388,2018-05-20,['郭文贵末日'],1
1389,2018-05-19,"['卢贝松', 'DIRECTOR', 'LUCBESSON']",3
1390,2018-05-19,['LUCBESSON'],1
1396,2018-05-16,"['이서원', '李瑞元', '李曙原', 'LEESEOWON', 'SEXUALHARASSMENT']",5
1397,2018-05-16,"['韩国', 'SOUTHKOREA', '与神同行', '신과함께', 'ALONGWITHTHEGODS', '吴达秀', '吴达洙', '오달수']",8
1400,2018-05-13,['胶事录特约转载'],1
1405,2018-05-11,['EUROVISION'],1
1407,2018-05-11,['柿子拣软的捏'],1
1408,2018-05-11,['郭文贵'],1
1409,2018-05-11,['郭文贵'],1
1410,2018-05-11,['郭文贵'],1
1411,2018-05-11,['郭文贵'],1
1412,2018-05-11,['郭文贵'],1
1413,2018-05-10,['胶事录特约转载'],1
1417,2018-05-10,['变态始终是变态'],1
1418,2018-05-10,['郭文贵'],1
1420,2018-05-09,"['ME', 'SUPERJUNIOR', 'SJ', '墨西哥', 'MEXICO', '利特', '이특', 'LEETEUK', '始源', 'SIWON', '시원']",11
1424,2018-05-08,['我也是'],1
1426,2018-05-08,"['吕丽瑶', '非礼', '性侵犯', '刑事罪行条例', '闭门聆讯']",5
1427,2018-05-07,['司法界丑闻'],1
1430,2018-05-05,"['诺贝尔奖', 'NOBELPRIZE', 'NOBEL']",3
1431,2018-05-04,['性骚扰'],1
1434,2018-05-04,['郭文贵'],1
1438,2018-05-04,"['903格', '阅读格', '诺贝尔文学奖', 'JEANCLAUDEARNAULT', 'FROSTENSON']",5
1439,2018-05-04,['WOO'],1
1446,2018-05-01,"['韩国', '碧蓝航线']",2
1452,2018-04-29,"['性侵', '沈阳', '北大', '南大', '岳昕', '区块链', '虚拟货币']",7
1456,2018-04-28,['本周热读'],1
1458,2018-04-27,['METOO运动领袖'],1
1466,2018-04-27,['苹果日报'],1
1467,2018-04-27,"['女力爆发', '演唱会', 'YOURSTORY', '有冲撞区吗']",4
1468,2018-04-27,"['BILLCOSBY', 'ANDREACONSTAND', 'COSBYGUILTY']",3
1469,2018-04-26,"['比尔寇斯比', 'GUILTY']",2
1471,2018-04-26,['NOTMYANNIVERSARY'],1
1472,2018-04-26,"['IU', 'MYMISTER', '我的大叔']",3
1475,2018-04-26,"['米兔', 'BILLCOSBY']",2
1479,2018-04-26,"['林奕含', '房思琪的初恋乐园']",2
1482,2018-04-25,['CHINA'],1
1484,2018-04-25,"['立法原意', '台湾旅行法', '排华法案', 'MAGA', 'BLACKLIVESMATTER']",5
1489,2018-04-25,"['YUEXIN', '岳昕', 'PKU']",3
1493,2018-04-25,['METOO在日本'],1
1498,2018-04-24,['FB'],1
1503,2018-04-24,"['北京大学', '岳昕', 'PEKING']",3
1511,2018-04-22,"['习近平', '彭丽媛', '泛亚', '云南', 'NOTEARSFORARIANA', 'HAPPYEVERAFTER', 'あなたに适合した武器', 'HEATWAVE', 'FILMSTRUCK4', 'THURSDA']",10
1512,2018-04-22,"['习近平', '彭丽媛', '泛亚', '云南', 'NOTEARSFORARIANA', 'HAPPYEVERAFTER', 'あなたに适合した武器', 'HEATWAVE', 'FILMSTRUCK4', 'THURSDAYTHOUGHTS']",10
1513,2018-04-22,"['习近平', '彭丽媛', '泛亚', '云南', 'NOTEARSFORARIANA', 'HAPPYEVERAFTER', 'あなたに适合した武器', 'HEATWAVE', 'FILMSTRUCK4', 'THURSDAYTHOUGHTS']",10
1514,2018-04-22,['WETOO'],1
1515,2018-04-21,"['习近平', '彭丽媛', '泛亚', '云南', 'NOTEARSFORARIANA', 'HAPPYEVERAFTER', 'あなたに适合した武器', 'HEATWAVE', 'FILMSTRUCK4']",9
1516,2018-04-21,"['习近平', '彭丽媛', '泛亚', '云南', 'NOTEARSFORARIANA', 'HAPPYEVERAFTER', 'あなたに适合した武器', 'HEATWAVE', 'FILMSTRUCK4']",9
1517,2018-04-21,"['习近平', '彭丽媛', '泛亚', '云南', 'NOTEARSFORARIANA', 'HAPPYEVERAFTER', 'あなたに适合した武器', 'HEATWAVE', 'FILMSTRUCK4']",9
1519,2018-04-21,['砸锅'],1
1522,2018-04-21,"['习近平', '彭丽媛', '泛亚', '云南', 'NOTEARSFORARIANA', 'HAPPYEVERAFTER', 'あなたに适合した武器', 'HEATWAVE', 'FILMSTRUCK4']",9
1523,2018-04-21,"['习近平', '彭丽媛', '泛亚', '云南', 'NOTEARSFORARIANA', 'HAPPYEVERAFTER', 'あなたに适合した武器', 'HEATWAVE', 'FILMSTRUCK4']",9
1524,2018-04-21,"['习近平', '彭丽媛', '泛亚', '云南', 'NOTEARSFORARIANA', 'HAPPYEVERAFTER', 'あなたに适合した武器', 'HEATWAVE', 'FILMSTRUCK4']",9
1525,2018-04-20,"['励馨基金会', 'METOO大游行', '颜力妃', 'ASIAN', 'ASIANGIRL', 'ASIANSTAR']",6
1527,2018-04-20,"['习近平', '彭丽媛', '泛亚', '云南', 'NOTEARSFORARIANA', 'HAPPYEVERAFTER', 'あなたに适合した武器', 'HEATWAVE', 'FILMSTRUCK4']",9
1528,2018-04-20,"['习近平', '彭丽媛', '泛亚', '云南', 'NOTEARSFORARIANA', 'HAPPYEVERAFTER', 'あなたに适合した武器', 'HEATWAVE', 'FILMSTRUCK4']",9
1529,2018-04-20,"['习近平', '彭丽媛', '泛亚', '云南', 'NOTEARSFORARIANA', 'HAPPYEVERAFTER', 'あなたに适合した武器', 'HEATWAVE', 'FILMSTRUCK4']",9
1532,2018-04-20,"['习近平', '彭丽媛', '泛亚', '云南', 'NOTEARSFORARIANA', 'HAPPYEVERAFTER', 'あなたに适合した武器', 'HEATWAVE', 'FILMSTRUCK4', 'THURS']",10
1533,2018-04-20,"['习近平', '彭丽媛', '泛亚', '云南', 'NOTEARSFORARIANA', 'HAPPYEVERAFTER', 'あなたに适合した武器', 'HEATWAVE', 'FILMSTRUCK4', 'THURSDAY']",10
1534,2018-04-20,"['习近平', '彭丽媛', '泛亚', '云南', 'NOTEARSFORARIANA', 'HAPPYEVERAFTER', 'あなたに适合した武器', 'HEATWAVE', 'FILMSTRUCK4', 'THURSDAYTHOUGHTS']",10
1536,2018-04-20,"['习近平', '彭丽媛', '泛亚', '云南', 'NOTEARSFORARIANA', 'HAPPYEVERAFTER', 'あなたに适合した武器', 'HEATWAVE', 'FILMSTRUCK4', 'THURSDAYTHOUGHTS']",10
1537,2018-04-20,"['习近平', '彭丽媛', '泛亚', '云南', 'NOTEARSFORARIANA', 'HAPPYEVERAFTER', 'あなたに适合した武器', 'HEATWAVE', 'FILMSTRUCK4', 'THURSDAYTHOUGHTS']",10
1538,2018-04-20,"['习近平', '彭丽媛', '泛亚', '云南', 'NOTEARSFORARIANA', 'HAPPYEVERAFTER', 'あなたに适合した武器', 'HEATWAVE', 'FILMSTRUCK4', 'THURSDAYTHOUGHTS']",10
1539,2018-04-20,"['习近平', '彭丽媛', '泛亚', '云南', 'NOTEARSFORARIANA', 'HAPPYEVERAFTER', 'あなたに适合した武器', 'HEATWAVE', 'FILMSTRUCK4', 'THURSDAYTHOUGHTS']",10
1540,2018-04-20,"['习近平', '彭丽媛', '泛亚', '云南', 'NOTEARSFORARIANA', 'HAPPYEVERAFTER', 'あなたに适合した武器', 'HEATWAVE', 'FILMSTRUCK4', 'THURSDAYTHOUGHTS']",10
1541,2018-04-20,"['习近平', '彭丽媛', '泛亚', '云南', 'NOTEARSFORARIANA', 'HAPPYEVERAFTER', 'あなたに适合した武器', 'HEATWAVE', 'FILMSTRUCK4', 'THURSDAYTHOUGHTS']",10
1542,2018-04-20,"['李俞英', '이유영', '金柱赫', 'LEEYOOYOUNG', '김주혁', 'MARIONETTE']",6
